Year,species,Sp,Allocated,Compensations,Allocated_plus_compensated,Transferedfrompreviousfishingyear,Annualcatchquota,Catchsubjecttoannualcatchquota,Status,Transformationofspecies,Newstatus,Transferabletonextfishingyear,Overfished,Unused,Recommended TAC,Ungutted Allocated,Gutted RTAC,%diff TAC RTAC,Conversion rate,Catch<TAC,Catch<TAC+PrY,Catch accounted for by previous year transfers,PrY%Catch,SpT%Catch,PrY+SpT%Catch,Sign SpT,SpT in CodEquivalent,Next year CR,Next year CR-CR,Case,PrY>SpT,%diff TACvsCatch,%diff RTACvsCatch,,
2002,14,Angler,1350,3,1353,0,1353,917,436,-328,108,95,7,19,,,,,2.05,TRUE,TRUE,0,0,-35.76881134,-35.76881134,Negative,-672.4,1.98,-0.07,1,TRUE,-32.37,,,
2003,14,Angler,1350,6,1356,95,1451,1236,215,-110,105,111,13,7,,,,,1.98,TRUE,TRUE,0,0,-8.899676375,-8.899676375,Negative,-217.8,1.68,-0.3,1,TRUE,-9.25,,,
2004,14,Angler,1800,15,1815,111,1926,1736,189,7,196,184,1,13,1500,2000,1350,25,1.68,TRUE,TRUE,0,0,0.403225806,0.403225806,Positive,11.76,1.59,-0.09,3,FALSE,-5.14,27.18,,
2005,14,Angler,1800,9,1809,184,1993,2210,-217,268,51,51,3,3,1500,2000,1350,25,1.59,FALSE,FALSE,184,8,12.12669683,20.45248869,Positive,426.12,1.6,0.01,4,FALSE,21.56,62.62,,
2006,14,Angler,2700,22,2722,51,2773,2578,195,66,261,259,1,3,2200,3000,1980,27,1.6,TRUE,TRUE,0,0,2.560124127,2.560124127,Positive,105.6,1.8,0.2,3,FALSE,-6.05,28.77,,
2007,14,Angler,2700,32,2732,259,2990,2442,549,-121,428,371,1,58,2200,3000,1980,27,1.8,TRUE,TRUE,0,0,-4.954954955,-4.954954955,Negative,-217.8,1.76,-0.04,1,TRUE,-11.65,21.37,,
2008,14,Angler,2250,39,2289,371,2660,2629,31,196,226,207,3,22,2200,2500,1980,12,1.76,FALSE,TRUE,340,13,7.4553062,20.38798022,Positive,344.96,1.34,-0.42,3,TRUE,12.93,30.21,,
2009,14,Angler,2700,57,2757,207,2963,3087,-124,283,160,175,16,1,2500,3000,2250,17,1.34,FALSE,FALSE,207,7,9.167476514,15.87301587,Positive,379.22,1.65,0.31,4,FALSE,9.7,33.81,,
2010,14,Angler,2250,346,2596,175,2771,2866,-95,201,106,106,1,1,2500,3200,1758,22,1.65,FALSE,FALSE,175,6,7.013258897,13.11933008,Positive,331.65,1.92,0.27,4,FALSE,-2.58,36.23,,
2011,14,Angler,2250,124,2374,106,2481,2197,283,-84,199,188,1,12,2500,3000,1875,17,1.92,TRUE,TRUE,0,0,-3.823395539,-3.823395539,Negative,-161.28,1.57,-0.35,1,TRUE,-12.05,9.9,,
2012,14,Angler,2223,753,2976,188,3165,2665,500,-284,217,188,1,30,2500,2850,1950,12,1.57,TRUE,TRUE,0,0,-10.65666041,-10.65666041,Negative,-445.88,1.74,0.17,1,TRUE,-28.53,-1.41,,
2013,14,Angler,1577,74,1651,188,1839,1710,128,-84,44,39,0,6,1500,1800,1314,17,1.74,FALSE,TRUE,59,3,-4.912280702,-1.461988304,Negative,-146.16,1.98,0.24,1,TRUE,-0.87,23.18,,
2014,14,Angler,1294,108,1402,39,1441,1260,181,-35,146,136,1,11,1500,1500,1294,0,1.98,TRUE,TRUE,0,0,-2.777777778,-2.777777778,Negative,-69.3,2.27,0.29,,TRUE,-16.56,-10.13,,
2015,14,Angler,852,59,911,136,1048,969,79,-11,67,60,0,8,1000,1000,852,0,2.27,FALSE,TRUE,58,6,-1.135190918,4.850361197,,-24.97,2.05,-0.22,,TRUE,-0.1,6.37,,
2016,14,Angler,852,56,908,60,969,819,149,-55,94,73,0,21,1000,1000,852,0,2.05,TRUE,TRUE,0,0,-6.715506716,-6.715506716,Negative,-113,2.17,0.12,,TRUE,-15.04,-9.8,,
2017,14,Angler,606,40,646,73,719,607,111,9,120,111,0,10,711,711,606,0,2.17,TRUE,TRUE,0,0,1.482701812,1.482701812,Positive,19.53,2.1,-0.07,,FALSE,-11.52,-6.04,,
2001,27,Cdab,5060,0,5060,700,5760,2111,3649,-3178,471,376,1,96,4000,5500,3680,27,0.5,TRUE,TRUE,0,0,-150.5447655,-150.5447655,Negative,-1589,0.45,-0.05,1,TRUE,-58.28,-42.64,,
2002,27,Cdab,3680,1,3681,376,4057,3503,555,-326,229,212,1,18,4000,4000,3680,0,0.45,TRUE,TRUE,0,0,-9.306308878,-9.306308878,Negative,-146.7,0.47,0.02,1,TRUE,-4.86,-4.84,,
2003,27,Cdab,6440,1,6441,212,6653,3924,2729,-1719,1010,845,1,166,7000,7000,6440,0,0.47,TRUE,TRUE,0,0,-43.80733945,-43.80733945,Negative,-807.93,0.47,0,1,TRUE,-39.09,-39.08,,
2004,27,Cdab,6440,1,6441,845,7286,3323,3962,-2316,1646,1205,0,441,7000,7000,6440,0,0.47,TRUE,TRUE,0,0,-69.69605778,-69.69605778,Negative,-1088.52,0.49,0.02,1,TRUE,-48.42,-48.41,,
2005,27,Cdab,4600,1,4601,1205,5806,2424,3382,-2477,905,626,0,279,5000,5000,4600,0,0.49,TRUE,TRUE,0,0,-102.1864686,-102.1864686,Negative,-1213.73,0.52,0.03,1,TRUE,-47.33,-47.32,,
2006,27,Cdab,3680,1,3681,626,4307,1148,3160,-2324,836,590,0,246,2500,4000,2300,38,0.52,TRUE,TRUE,0,0,-202.4390244,-202.4390244,Negative,-1208.48,0.48,-0.04,1,TRUE,-68.82,-50.11,,
2007,27,Cdab,1840,1,1841,590,2431,732,1699,-971,728,304,0,425,1000,2000,920,50,0.48,TRUE,TRUE,0,0,-132.6502732,-132.6502732,Negative,-466.08,0.38,-0.1,1,TRUE,-60.26,-20.52,,
2008,27,Cdab,1380,2,1382,304,1686,544,1142,-599,543,217,0,325,500,1500,460,67,0.38,TRUE,TRUE,0,0,-110.1102941,-110.1102941,Negative,-227.62,0.29,-0.09,1,TRUE,-60.69,17.75,,
2009,27,Cdab,920,1,921,217,1139,640,499,-423,76,74,0,2,500,1000,460,50,0.29,TRUE,TRUE,0,0,-66.09375,-66.09375,Negative,-122.67,0.27,-0.02,1,TRUE,-30.59,38.83,,
2010,27,Cdab,920,1,921,74,995,523,472,-421,52,45,0,7,500,1000,460,50,0.27,TRUE,TRUE,0,0,-80.49713193,-80.49713193,Negative,-113.67,0.24,-0.03,1,TRUE,-43.28,13.45,,
2011,27,Cdab,828,2,830,45,874,544,330,-258,72,66,0,6,500,900,460,44,0.24,TRUE,TRUE,0,0,-47.42647059,-47.42647059,Negative,-61.92,0.25,0.01,1,TRUE,-34.62,17.75,,
2012,27,Cdab,817,12,829,66,896,654,241,-154,87,56,0,32,500,900,454,44,0.25,TRUE,TRUE,0,0,-23.54740061,-23.54740061,Negative,-38.5,0.26,0.01,1,TRUE,-22.24,40.38,,
2013,27,Cdab,717,20,737,56,792,531,261,-133,128,50,0,79,500,800,448,38,0.26,TRUE,TRUE,0,0,-25.04708098,-25.04708098,Negative,-34.58,0.28,0.02,1,TRUE,-29.85,13.43,,
2014,27,Cdab,439,22,461,50,510,370,141,-85,56,29,0,27,500,500,439,0,0.28,TRUE,TRUE,0,0,-22.97297297,-22.97297297,Negative,-23.8,0.3,0.02,,TRUE,-23.4,-19.74,,
2015,27,Cdab,871,49,920,29,949,303,646,-170,476,101,0,376,1000,1000,871,0,0.3,TRUE,TRUE,0,0,-56.10561056,-56.10561056,Negative,-51,0.25,-0.05,,TRUE,-68.73,-67.07,,
2016,27,Cdab,435,25,460,101,561,293,267,-105,162,42,0,120,500,500,435,0,0.25,TRUE,TRUE,0,0,-35.83617747,-35.83617747,Negative,-26,0.19,-0.06,,TRUE,-39.59,-36.3,,
2017,27,Cdab,436,24,460,42,502,166,337,-89,248,106,0,142,500,500,436,0,0.19,TRUE,TRUE,0,0,-53.61445783,-53.61445783,Negative,-16.91,0.19,0,,TRUE,-65.7,-63.91,,
2001,1,Cod,154888,4516,159404,3889,163591,152481,11110,-758,10352,10395,89,46,220000,220000,154888,0,1,TRUE,TRUE,0,0,-0.497111115,-0.497111115,Negative,-758,1,0,1,TRUE,-6.98,-4.34,,
2002,1,Cod,152761,6124,158885,12788,171678,168542,3135,-79,3056,3732,754,78,190000,190000,152761,0,1,FALSE,TRUE,9657,6,-0.04687259,5.682856499,Negative,-79,1,0,1,TRUE,2.14,6.08,,
2003,1,Cod,142684,7679,150363,3732,154095,152363,1732,-47,1685,1818,174,41,179000,179000,142684,0,1,FALSE,TRUE,2000,1,-0.030847384,1.281807263,Negative,-47,1,0,1,TRUE,-3.59,1.33,,
2004,1,Cod,166383,8618,175001,1818,176820,172992,3827,-42,3785,3832,128,81,209000,209000,166383,0,1,TRUE,TRUE,0,0,-0.024278579,-0.024278579,Negative,-42,1,0,1,TRUE,-5.79,-1.15,,
2005,1,Cod,161870,8557,170427,3832,174259,170535,3724,-99,3625,3700,143,69,205000,205000,161870,0,1,FALSE,TRUE,108,0,-0.058052599,0.005277509,Negative,-99,1,0,1,TRUE,-4.72,0.06,,
2006,1,Cod,156302,8199,164501,3700,168200,164409,3791,-51,3740,3733,28,35,198000,198000,156302,0,1,TRUE,TRUE,0,0,-0.0310202,-0.0310202,Negative,-51,1,0,1,TRUE,-4.8,-0.06,,
2007,1,Cod,154755,3067,157822,3733,161556,152303,9253,-36,9218,9374,164,8,193000,193000,154755,0,1,TRUE,TRUE,0,0,-0.023637092,-0.023637092,Negative,-36,1,0,1,TRUE,-5.34,-3.5,,
2008,1,Cod,103019,5002,108021,9374,117395,111411,5984,-22,5962,5989,87,59,130000,130000,103019,0,1,FALSE,TRUE,3390,3,-0.019746704,3.023040813,Negative,-22,1,0,1,TRUE,-1.43,3.14,,
2009,1,Cod,128151,4792,132943,5989,138932,132451,6481,-60,6421,6455,50,16,124000,160000,99317,23,1,TRUE,TRUE,0,0,-0.045299771,-0.045299771,Negative,-60,1,0,1,TRUE,-3.84,27.22,,
2010,1,Cod,120297,5426,125723,6455,132179,130551,1627,-44,1583,1650,91,25,150000,155000,116416,3,1,FALSE,TRUE,4828,4,-0.033703304,3.664468292,Negative,-44,1,0,1,TRUE,-0.46,7.15,,
2011,1,Cod,123755,5754,129509,1650,131159,127353,3806,-83,3723,3861,178,40,160000,160000,123755,0,1,TRUE,TRUE,0,0,-0.06517318,-0.06517318,Negative,-83,1,0,1,TRUE,-5.85,-1.66,,
2012,1,Cod,134520,5754,140274,3861,144134,141613,2521,-174,2347,2435,119,31,177000,177000,134520,0,1,FALSE,TRUE,1339,1,-0.122870075,0.822664586,Negative,-174,1,0,1,TRUE,-3.02,0.95,,
2013,1,Cod,157342,5197,162539,2435,164974,165099,-125,-571,-696,-703,53,60,196000,195000,158149,-1,1,FALSE,FALSE,2435,1,-0.345853094,1.129019558,Negative,-571,1,0,2,TRUE,-1.57,1.07,,
2014,1,Cod,171170,5284,176454,-693,175761,176399,-638,-31,-669,-575,132,38,215000,214000,171970,0,1,TRUE,FALSE,-693,0,-0.017573796,-0.410433166,Negative,-31,1,0,,FALSE,-2.94,-0.48,,
2015,1,Cod,171824,1680,173504,-575,172929,174451,-1523,-24,-1547,-1488,98,39,218000,216000,173415,-1,1,FALSE,FALSE,-575,0,-0.013757445,-0.343362893,Negative,-24,1,0,,FALSE,-0.42,-0.37,,
2016,1,Cod,190120,7156,197276,-1488,195788,197395,-1608,-27,-1635,-1675,2,43,239000,239000,190120,0,1,FALSE,FALSE,-1488,-1,-0.013678158,-0.767496644,Negative,-27,1,0,,FALSE,-3.44,0.06,,
2017,1,Cod,194097,1077,195174,-1675,193499,185157,8342,-21,8321,8289,8,39,244000,244000,194097,0,1,TRUE,TRUE,0,0,-0.011341726,-0.011341726,Negative,-21,1,0,,TRUE,-5.65,-5.13,,
2001,2,Haddock,22431,301,22732,1287,24024,24347,-323,1193,870,845,9,33,30000,30000,22431,0,1.15,FALSE,FALSE,1287,5,4.899987678,10.18605988,Positive,1371.95,1.2,0.05,4,TRUE,5.7,7.1,,
2002,2,Haddock,33003,1453,34456,845,35301,34049,1252,1461,2713,2763,77,27,30000,41000,24149,27,1.2,TRUE,TRUE,0,0,4.290874916,4.290874916,Positive,1753.2,1.2,0,3,FALSE,-5.18,33,,
2003,2,Haddock,44239,2086,46325,2763,49089,45740,3349,-115,3234,2953,13,293,55000,55000,44239,0,1.2,TRUE,TRUE,0,0,-0.251421076,-0.251421076,Negative,-138,0.94,-0.26,1,TRUE,-5.52,-1.26,,
2004,2,Haddock,60405,2618,63023,2953,65976,65128,848,3368,4216,4110,19,124,75000,75000,60405,0,0.94,FALSE,TRUE,2105,3,5.17135487,8.403451664,Positive,3165.92,0.68,-0.26,3,FALSE,-0.78,3.34,,
2005,2,Haddock,72291,2697,74988,4110,79098,80565,-1468,4890,3423,3471,105,57,90000,90000,72291,0,0.68,FALSE,FALSE,4110,5,6.069633215,11.17110408,Positive,3325.2,0.75,0.07,4,FALSE,3.71,7.44,,
2006,2,Haddock,84267,2713,86980,3471,90452,83000,7451,900,8352,8299,15,68,105000,105000,84267,0,0.75,TRUE,TRUE,0,0,1.084337349,1.084337349,Positive,675,0.81,0.06,3,FALSE,-7.46,-4.58,,
2007,2,Haddock,84238,1208,85446,8299,93744,82046,11698,-21,11677,11553,10,134,95000,105000,76215,10,0.81,TRUE,TRUE,0,0,-0.025595398,-0.025595398,Negative,-17.01,0.82,0.01,1,TRUE,-5.32,5.97,,
2008,2,Haddock,79968,2244,82212,11553,93765,88891,4875,3429,8304,8188,8,124,95000,100000,75970,5,0.82,FALSE,TRUE,6679,8,3.857533384,11.37122993,Positive,2811.78,0.69,-0.13,3,TRUE,5.25,13.65,,
2009,2,Haddock,74330,2429,76759,8188,84947,71967,12980,-2082,10898,10885,12,25,83000,93000,66338,11,0.69,TRUE,TRUE,0,0,-2.892992622,-2.892992622,Negative,-1436.58,0.76,0.07,1,TRUE,-9.12,4.65,,
2010,2,Haddock,50235,2681,52916,10885,63802,54802,9000,-4774,4227,4212,7,21,57000,63000,45451,10,0.76,FALSE,TRUE,1886,3,-8.711360899,-5.269880661,Negative,-3628.24,0.95,0.19,1,TRUE,-1.43,13.86,,
2011,2,Haddock,39056,1458,40514,4212,44726,39715,5010,-1912,3098,3056,3,44,45000,50000,35150,10,0.95,TRUE,TRUE,0,0,-4.814301901,-4.814301901,Negative,-1816.4,0.89,-0.06,1,TRUE,-5.38,8.49,,
2012,2,Haddock,34757,1273,36030,3056,39086,39085,1,1603,1604,1599,5,9,37000,45000,28578,18,0.89,FALSE,TRUE,3055,8,4.101317641,11.91761545,Positive,1426.67,0.92,0.03,3,TRUE,4.78,30.93,,
2013,2,Haddock,28948,567,29515,1599,31115,31625,-510,1614,1103,1102,3,5,32000,36000,25732,11,0.92,FALSE,FALSE,1599,5,5.103557312,10.15968379,Positive,1484.88,1.15,0.23,4,FALSE,5.13,20.25,,
2014,2,Haddock,30380,-802,29578,1102,30679,30346,334,1983,2316,2307,3,12,38000,38000,30380,0,1.15,FALSE,TRUE,768,3,6.534633889,9.065445199,Positive,2280.45,1.3,0.15,,FALSE,5.46,2.6,,
2015,2,Haddock,24182,1317,25499,2307,27807,27841,-35,1930,1895,1870,1,26,30400,30400,24182,0,1.3,FALSE,FALSE,2307,8,6.932222262,15.21856255,Positive,2509,1.23,-0.07,,TRUE,3.82,9.18,,
2016,2,Haddock,28956,-964,27992,1870,29862,30923,-1061,2726,1665,1638,1,29,36400,36400,28956,0,1.23,FALSE,FALSE,1870,6,8.815444815,14.86272354,Positive,3352.98,1.04,-0.19,,FALSE,14.41,10.47,,
2017,2,Haddock,27523,532,28055,1638,29693,27818,1875,2464,4339,4312,0,27,34600,34600,27523,0,1.04,TRUE,TRUE,0,0,8.857574233,8.857574233,Positive,2562.56,1.07,0.03,,FALSE,-2.69,-0.84,,
2001,22,Halibut,18400,0,18400,88,18488,18566,-78,950,872,866,1,7,20000,20000,18400,0,1.65,FALSE,FALSE,88,0,5.116880319,5.590865022,Positive,1567.5,1.65,0,4,FALSE,0.9,0.9,,
2002,22,Halibut,18400,0,18400,866,19266,17713,1553,79,1633,1623,0,10,20000,20000,18400,0,1.65,TRUE,TRUE,0,0,0.446000113,0.446000113,Positive,130.35,1.62,-0.03,3,FALSE,-3.73,-3.73,,
2003,22,Halibut,21160,1,21161,1623,22783,18638,4146,-976,3170,3150,0,20,23000,23000,21160,0,1.62,TRUE,TRUE,0,0,-5.236613371,-5.236613371,Negative,-1581.12,1.44,-0.18,1,TRUE,-11.93,-11.92,,
2004,22,Halibut,21160,0,21160,3150,24310,14519,9791,-3424,6367,4186,0,2181,20000,23000,18400,13,1.44,TRUE,TRUE,0,0,-23.58289138,-23.58289138,Negative,-4930.56,1.64,0.2,1,TRUE,-31.38,-21.09,,
2005,22,Halibut,13800,1,13801,4186,17987,11990,5998,-3499,2499,2341,0,158,15000,15000,13800,0,1.64,TRUE,TRUE,0,0,-29.18265221,-29.18265221,Negative,-5738.36,2.04,0.4,1,TRUE,-13.13,-13.12,,
2006,22,Halibut,13800,4,13804,2341,16145,11660,4484,-2182,2302,2249,0,53,15000,15000,13800,0,2.04,TRUE,TRUE,0,0,-18.7135506,-18.7135506,Negative,-4451.28,1.98,-0.06,1,TRUE,-15.56,-15.53,,
2007,22,Halibut,13800,10,13810,2249,16060,9171,6889,-2548,4341,2662,0,1679,15000,15000,13800,0,1.98,TRUE,TRUE,0,0,-27.78322975,-27.78322975,Negative,-5045.04,1.67,-0.31,1,TRUE,-33.64,-33.59,,
2008,22,Halibut,13800,15,13815,2662,16477,8966,7511,-2521,4989,2603,0,2387,15000,15000,13800,0,1.67,TRUE,TRUE,0,0,-28.11733214,-28.11733214,Negative,-4210.07,1.23,-0.44,1,TRUE,-35.17,-35.1,,
2009,22,Halibut,13800,17,13817,2603,16420,14330,2090,-370,1720,1719,0,1,5000,15000,4600,67,1.23,FALSE,TRUE,513,4,-2.581995813,0.99790649,Negative,-455.1,1.94,0.71,1,TRUE,3.59,210.37,,
2010,22,Halibut,11040,11,11051,1719,12770,12951,-181,222,41,41,0,0,5000,12000,4600,58,1.94,FALSE,FALSE,1719,13,1.714153347,14.98725967,Positive,430.68,2.21,0.27,4,TRUE,17.08,180.87,,
2011,22,Halibut,11960,23,11983,41,12024,11247,776,-243,533,532,1,2,5000,13000,4600,62,2.21,TRUE,TRUE,0,0,-2.160576154,-2.160576154,Negative,-537.03,2.12,-0.09,1,TRUE,-6.32,143.28,,
2012,22,Halibut,11860,172,12032,532,12564,12092,472,-463,9,8,0,1,12000,13000,10948,8,2.12,FALSE,TRUE,60,0,-3.828977837,-3.332782005,Negative,-981.56,2.47,0.35,1,TRUE,-0.92,8.74,,
2013,22,Halibut,13148,419,13567,8,13575,12954,621,-695,-74,-74,0,0,20000,14700,17888,-36,2.47,TRUE,TRUE,0,0,-5.365138181,-5.365138181,Negative,-1716.65,2.67,0.2,1,TRUE,-7.38,-29.24,,
2014,22,Halibut,10933,618,11551,-74,11477,10971,505,-525,-20,-21,0,1,20000,12500,17493,-60,2.67,TRUE,TRUE,0,0,-4.785343177,-4.785343177,Negative,-1401.75,2.59,-0.08,,TRUE,-9.84,-39.42,,
2015,22,Halibut,12285,749,13034,-21,13013,10893,2119,-590,1529,1528,0,1,25000,14100,21782,-77,2.59,TRUE,TRUE,0,0,-5.416322409,-5.416322409,Negative,-1528.1,2.48,-0.11,,TRUE,-20.97,-51.65,,
2016,22,Halibut,10804,725,11529,1528,13056,12300,756,46,802,811,11,1,22000,12400,19168,-77,2.48,FALSE,TRUE,771,6,0.37398374,6.642276423,Positive,114.08,2.65,0.17,,TRUE,0.38,-38.17,,
2017,22,Halibut,11793,746,12539,811,13351,11152,2199,83,2283,2280,0,2,24000,13536,20910,-77,2.65,TRUE,TRUE,0,0,0.744261119,0.744261119,Positive,219.95,2.61,-0.04,,FALSE,-16.06,-48.5,,
2002,6,Ling,2400,5,2405,0,2405,2037,368,-116,252,176,5,81,3000,3000,2400,0,0.75,TRUE,TRUE,0,0,-5.694648994,-5.694648994,Negative,-87,0.88,0.13,1,TRUE,-15.48,-15.3,,
2003,6,Ling,2400,7,2407,176,2582,2507,75,150,226,167,3,63,3000,3000,2400,0,0.88,FALSE,TRUE,100,4,5.983246909,9.972078181,Positive,132,0.79,-0.09,3,FALSE,3.85,4.15,,
2004,6,Ling,2400,6,2406,167,2573,3037,-464,670,206,168,2,40,3000,3000,2400,0,0.79,FALSE,FALSE,167,5,22.06124465,27.5600922,Positive,529.3,0.56,-0.23,4,FALSE,25.91,26.23,,
2005,6,Ling,3199,6,3205,168,3373,3569,-196,460,265,225,4,43,4000,4000,3199,0,0.56,FALSE,FALSE,168,5,12.88876436,17.59596526,Positive,257.6,0.55,-0.01,4,FALSE,11.15,11.36,,
2006,6,Ling,4000,8,4008,225,4233,4682,-449,721,273,248,5,30,4500,5000,3600,10,0.55,FALSE,FALSE,225,5,15.39940196,20.20504058,Positive,396.55,0.6,0.05,4,FALSE,16.58,29.77,,
2007,6,Ling,4000,9,4009,248,4257,5287,-1030,1569,539,510,4,32,5000,5000,4000,0,0.6,FALSE,FALSE,248,5,29.67656516,34.36731606,Positive,941.4,0.64,0.04,4,FALSE,31.58,31.88,,
2008,6,Ling,5600,17,5617,510,6127,5387,740,204,944,835,0,110,6000,7000,4800,14,0.64,TRUE,TRUE,0,0,3.786894375,3.786894375,Positive,130.56,0.49,-0.15,3,FALSE,-4.38,11.83,,
2009,6,Ling,5600,24,5624,835,6459,7343,-883,1168,284,287,8,5,6000,7000,4800,14,0.49,FALSE,FALSE,835,11,15.90630532,27.27767942,Positive,572.32,0.48,-0.01,4,FALSE,30.01,52.22,,
2010,6,Ling,5600,13,5613,287,5900,7693,-1793,1880,88,84,6,10,6000,7000,4800,14,0.48,FALSE,FALSE,287,4,24.4378006,28.16846484,Positive,902.4,0.51,0.03,4,FALSE,36.74,59.84,,
2011,6,Ling,6000,17,6017,84,6101,7355,-1254,1548,294,296,9,7,7500,7500,6000,0,0.51,FALSE,FALSE,84,1,21.04690687,22.18898708,Positive,789.48,0.55,0.04,4,FALSE,21.89,22.24,,
2012,6,Ling,7126,95,7221,296,7517,7981,-464,615,151,142,2,11,8800,9000,6968,2,0.55,FALSE,FALSE,296,4,7.705801278,11.4146097,Positive,338.25,0.59,0.04,4,FALSE,9.09,13,,
2013,6,Ling,9003,220,9223,142,9365,8793,572,-376,196,187,1,10,12000,11500,9394,-4,0.59,TRUE,TRUE,0,0,-4.276128739,-4.276128739,Negative,-221.84,0.73,0.14,1,TRUE,-6.88,-8.54,,
2014,6,Ling,10394,427,10821,187,11007,9398,1609,-968,641,628,1,14,14000,13500,10779,-4,0.73,TRUE,TRUE,0,0,-10.30006384,-10.30006384,Negative,-706.64,0.76,0.03,,TRUE,-16.45,-16.13,,
2015,6,Ling,10455,612,11067,628,11694,9331,2364,-1269,1095,1024,0,71,14300,13800,10834,-4,0.76,TRUE,TRUE,0,0,-13.59982853,-13.59982853,Negative,-964.44,0.68,-0.08,,TRUE,-20.1,-18.48,,
2016,6,Ling,11364,654,12018,1024,13042,7808,5234,-2687,2548,1633,0,914,16200,15000,12273,-8,0.68,TRUE,TRUE,0,0,-34.41342213,-34.41342213,Negative,-1827.16,0.68,0,,TRUE,-38.38,-39.6,,
2017,6,Ling,6169,184,6353,1633,7986,5776,2210,-792,1418,1273,0,145,9343,8143,7078,-15,0.68,TRUE,TRUE,0,0,-13.71191136,-13.71191136,Negative,-538.56,0.73,0.05,,TRUE,-11.64,-20.46,,
2001,28,LRdab,4600,0,4600,310,4910,2583,2327,-2077,249,182,0,67,5000,5000,4600,0,0.5,TRUE,TRUE,0,0,-80.41037553,-80.41037553,Negative,-1038.5,0.5,0,1,TRUE,-43.85,-43.85,,
2002,28,LRdab,4600,2,4602,182,4784,2307,2477,-2133,344,306,1,39,5000,5000,4600,0,0.5,TRUE,TRUE,0,0,-92.45773732,-92.45773732,Negative,-1066.5,0.48,-0.02,1,TRUE,-49.89,-49.87,,
2003,28,LRdab,4601,2,4603,306,4909,1898,3011,-2150,861,470,0,390,5000,5000,4601,0,0.48,TRUE,TRUE,0,0,-113.2771338,-113.2771338,Negative,-1032,0.43,-0.05,1,TRUE,-58.78,-58.77,,
2004,28,LRdab,4600,2,4602,470,5072,1506,3567,-2039,1528,735,0,793,5000,5000,4600,0,0.43,TRUE,TRUE,0,0,-135.3917663,-135.3917663,Negative,-876.77,0.44,0.01,1,TRUE,-67.29,-67.28,,
2005,28,LRdab,4600,0,4600,735,5335,710,4625,-3277,1348,551,0,797,5000,5000,4600,0,0.44,TRUE,TRUE,0,0,-461.5492958,-461.5492958,Negative,-1441.88,0.45,0.01,1,TRUE,-84.57,-84.57,,
2006,28,LRdab,3220,0,3220,551,3771,582,3189,-2449,741,442,0,299,2000,3500,1840,43,0.45,TRUE,TRUE,0,0,-420.790378,-420.790378,Negative,-1102.05,0.46,0.01,1,TRUE,-81.93,-68.37,,
2007,28,LRdab,1380,1,1381,442,1822,239,1584,-975,609,240,0,369,500,1500,460,67,0.46,TRUE,TRUE,0,0,-407.9497908,-407.9497908,Negative,-448.5,0.29,-0.17,1,TRUE,-82.71,-48.16,,
2008,28,LRdab,920,1,921,240,1161,193,968,-480,488,152,0,336,500,1000,460,50,0.29,TRUE,TRUE,0,0,-248.7046632,-248.7046632,Negative,-139.2,0.26,-0.03,1,TRUE,-79.07,-58.13,,
2009,28,LRdab,920,0,920,152,1072,193,879,-745,134,110,0,24,250,1000,230,75,0.26,TRUE,TRUE,0,0,-386.0103627,-386.0103627,Negative,-193.7,0.34,0.08,1,TRUE,-79.02,-16.09,,
2010,28,LRdab,920,2,922,110,1032,119,913,-844,69,51,0,18,200,1000,184,80,0.34,TRUE,TRUE,0,0,-709.2436975,-709.2436975,Negative,-286.96,0.34,0,1,TRUE,-87.12,-36.02,,
2011,28,LRdab,184,0,184,51,235,98,137,-121,16,14,0,2,200,200,184,0,0.34,TRUE,TRUE,0,0,-123.4693878,-123.4693878,Negative,-41.14,0.28,-0.06,1,TRUE,-46.74,-46.74,,
2012,28,LRdab,181,3,184,14,199,71,128,-52,76,20,0,56,200,200,181,0,0.28,TRUE,TRUE,0,0,-73.23943662,-73.23943662,Negative,-14.56,0.21,-0.07,1,TRUE,-62.03,-61.41,,
2013,28,LRdab,178,0,178,20,199,10,189,-50,140,24,0,115,200,200,178,0,0.21,TRUE,TRUE,0,0,-500,-500,Negative,-10.5,0.19,-0.02,1,TRUE,-94.38,-94.38,,
2014,28,LRdab,175,1,176,24,200,8,192,-17,175,20,0,155,0,0,0,0,0.19,TRUE,TRUE,0,0,-212.5,-212.5,Negative,-3.23,0.34,0.15,,TRUE,-95.48,,,
2015,28,LRdab,0,0,0,20,21,4,17,-1,15,0,0,15,0,0,0,0,0.34,FALSE,TRUE,4,100,-25,75,Negative,-0.34,0,-0.04,,TRUE,,,,
2016,28,LRdab,0,0,0,0,0,7,-7,7,0,0,0,0,0,0,0,0,0.3,FALSE,FALSE,0,0,100,100,Positive,2.1,0.34,0.04,,FALSE,,,,
2017,28,LRdab,0,0,0,0,0,3,-3,3,0,0,0,0,0,0,0,0,0.34,FALSE,FALSE,0,0,100,100,Positive,1.02,0.11,-0.23,,FALSE,,,,
2001,24,Lsole,1288,0,1288,39,1327,1338,-11,47,37,35,4,6,1400,1400,1288,0,1.2,FALSE,FALSE,39,3,3.512705531,6.427503737,Positive,56.4,1.4,0.2,4,FALSE,3.88,3.88,,
2002,24,Lsole,1288,0,1288,35,1323,986,336,-230,107,83,1,24,1400,1400,1288,0,1.4,TRUE,TRUE,0,0,-23.32657201,-23.32657201,Negative,-322,1.62,0.22,1,TRUE,-23.45,-23.45,,
2003,24,Lsole,1472,0,1472,83,1555,1005,551,-340,211,138,0,73,1600,1600,1472,0,1.62,TRUE,TRUE,0,0,-33.83084577,-33.83084577,Negative,-550.8,1.69,0.07,1,TRUE,-31.73,-31.73,,
2004,24,Lsole,1472,0,1472,138,1610,1949,-339,388,49,46,0,4,1600,1600,1472,0,1.69,FALSE,FALSE,138,7,19.90764495,26.98819908,Positive,655.72,1.62,-0.07,4,FALSE,32.4,32.4,,
2005,24,Lsole,1672,0,1672,46,1718,2425,-707,739,32,35,5,2,1600,1600,1672,0,1.62,FALSE,FALSE,46,2,30.4742268,32.37113402,Positive,1197.18,1.55,-0.07,4,FALSE,45.04,45.04,,
2006,24,Lsole,1656,1,1657,35,1692,2402,-710,758,48,47,1,2,1600,1800,1472,11,1.55,FALSE,FALSE,35,1,31.5570358,33.01415487,Positive,1174.9,1.43,-0.12,4,FALSE,44.96,63.07,,
2007,24,Lsole,1840,0,1840,47,1887,2772,-885,1022,137,126,1,12,1600,2000,1472,20,1.43,FALSE,FALSE,47,2,36.86868687,38.56421356,Positive,1461.46,1.46,0.03,4,FALSE,50.65,88.32,,
2008,24,Lsole,2024,1,2025,126,2151,2442,-290,526,235,218,3,21,1600,2200,1472,27,1.46,FALSE,FALSE,126,5,21.53972154,26.6994267,Positive,767.96,1.21,-0.25,4,FALSE,20.59,65.78,,
2009,24,Lsole,2024,1,2025,218,2243,2467,-224,312,88,93,6,1,1600,2200,1472,27,1.21,FALSE,FALSE,218,9,12.6469396,21.4835833,Positive,377.52,1.14,-0.07,4,FALSE,21.83,67.48,,
2010,24,Lsole,2024,1,2025,93,2118,1819,300,-233,66,64,0,2,1800,2200,1656,18,1.14,TRUE,TRUE,0,0,-12.80923584,-12.80923584,Negative,-265.62,1.07,-0.07,1,TRUE,-10.17,9.78,,
2011,24,Lsole,1656,2,1658,64,1722,1607,115,-18,97,93,0,4,1800,1800,1656,0,1.07,TRUE,TRUE,0,0,-1.120099564,-1.120099564,Negative,-19.26,1.14,0.07,1,TRUE,-3.08,-3.08,,
2012,24,Lsole,1637,20,1657,93,1751,1666,85,-5,80,74,0,5,1800,1800,1637,0,1.14,FALSE,TRUE,9,1,-0.300120048,0.240096038,Negative,-5.7,1.41,0.27,1,TRUE,0.54,0.54,,
2013,24,Lsole,1254,36,1290,74,1364,1354,10,19,29,26,0,3,1400,1400,1254,0,1.41,FALSE,TRUE,64,5,1.403249631,6.129985229,Positive,26.79,1.51,0.1,3,TRUE,4.96,4.96,,
2014,24,Lsole,1408,65,1473,26,1498,1313,186,-88,97,94,0,3,1600,1600,1408,0,1.51,TRUE,TRUE,0,0,-6.702208682,-6.702208682,Negative,-132.88,1.57,0.06,,TRUE,-10.86,-10.86,,
2015,24,Lsole,1394,80,1474,94,1568,1617,-49,112,63,58,0,5,1600,1600,1394,0,1.57,FALSE,FALSE,94,6,6.926406926,12.73964131,Positive,175.84,1.44,-0.13,,FALSE,9.7,9.7,,
2016,24,Lsole,1133,65,1198,58,1255,1585,-330,363,33,32,0,1,1300,1300,1133,0,1.44,FALSE,FALSE,58,4,22.9022082,26.5615142,Positive,522.72,1.39,-0.05,,FALSE,32.3,32.3,,
2017,24,Lsole,947,55,1002,32,1034,1353,-319,390,71,71,0,0,1087,1087,947,0,1.39,FALSE,FALSE,32,2,28.8248337,31.18994826,Positive,542.1,1.45,0.06,,FALSE,35.03,35.03,,
2001,23,Plaice,3680,0,3680,233,3918,4543,-625,674,48,71,29,7,4000,4000,3680,0,1.25,FALSE,FALSE,233,5,14.83601145,19.96478098,Positive,842.5,1.2,-0.05,4,FALSE,23.45,23.45,,
2002,23,Plaice,4600,36,4636,71,4707,4105,602,-185,417,425,29,21,4000,5000,3680,20,1.2,TRUE,TRUE,0,0,-4.506699147,-4.506699147,Negative,-222,1.28,0.08,1,TRUE,-11.45,10.47,,
2003,23,Plaice,4600,51,4651,425,5076,4973,103,227,330,337,25,18,4000,5000,3680,20,1.28,FALSE,TRUE,322,6,4.564649105,11.03961392,Positive,290.56,1.16,-0.12,3,TRUE,6.92,33.29,,
2004,23,Plaice,4140,74,4214,337,4550,5413,-863,1127,265,264,1,2,4000,4500,3680,11,1.16,FALSE,FALSE,337,6,20.82024755,27.04600037,Positive,1307.32,1.13,-0.03,4,FALSE,28.45,44.19,,
2005,23,Plaice,4600,68,4668,264,4932,5787,-855,1087,232,233,7,6,4000,5000,3680,20,1.13,FALSE,FALSE,264,5,18.78348021,23.34542941,Positive,1228.31,1.29,0.16,4,FALSE,23.97,54.4,,
2006,23,Plaice,4600,70,4670,233,4904,5299,-395,664,269,251,2,19,4000,5000,3680,20,1.29,FALSE,FALSE,233,4,12.53066616,16.92772221,Positive,856.56,1.18,-0.11,4,FALSE,13.47,41.31,,
2007,23,Plaice,5520,97,5617,251,5868,5760,108,561,668,616,3,55,5000,6000,4600,17,1.18,FALSE,TRUE,143,2,9.739583333,12.22222222,Positive,661.98,1.02,-0.16,3,FALSE,2.55,22.63,,
2008,23,Plaice,5980,87,6067,616,6683,6085,598,261,859,784,3,78,5000,6500,4600,23,1.02,FALSE,TRUE,18,0,4.289235826,4.585045193,Positive,266.22,0.81,-0.21,3,FALSE,0.3,29.83,,
2009,23,Plaice,5980,109,6089,784,6872,5847,1025,-640,384,378,1,8,5000,6500,4600,23,0.81,TRUE,TRUE,0,0,-10.94578416,-10.94578416,Negative,-518.4,0.77,-0.04,1,TRUE,-3.97,24.17,,
2010,23,Plaice,5980,128,6108,378,6486,5881,605,-422,183,182,1,2,5000,6500,4600,23,0.77,TRUE,TRUE,0,0,-7.1756504,-7.1756504,Negative,-324.94,0.8,0.03,1,TRUE,-3.72,24.39,,
2011,23,Plaice,5980,136,6116,182,6298,4453,1845,-1537,308,290,1,19,6500,6500,5980,0,0.8,TRUE,TRUE,0,0,-34.51605659,-34.51605659,Negative,-1229.6,0.68,-0.12,1,TRUE,-27.19,-27.19,,
2012,23,Plaice,5902,249,6151,290,6442,5356,1085,-826,260,246,1,15,6500,6500,5902,0,0.68,TRUE,TRUE,0,0,-15.42195668,-15.42195668,Negative,-561.68,0.74,0.06,1,TRUE,-12.92,-12.92,,
2013,23,Plaice,5813,303,6116,246,6361,5469,892,-768,124,115,1,11,6500,6500,5813,0,0.74,TRUE,TRUE,0,0,-14.04278662,-14.04278662,Negative,-568.32,0.71,-0.03,1,TRUE,-10.58,-10.58,,
2014,23,Plaice,5702,404,6106,116,6223,5546,677,-482,194,192,1,3,6500,6500,5702,0,0.71,TRUE,TRUE,0,0,-8.690948431,-8.690948431,Negative,-342.22,0.79,0.08,,TRUE,-9.17,-9.17,,
2015,23,Plaice,6099,454,6553,192,6744,5722,1023,-568,455,449,0,6,7000,7000,6099,0,0.79,TRUE,TRUE,0,0,-9.926599091,-9.926599091,Negative,-448.72,0.81,0.02,,TRUE,-12.68,-12.68,,
2016,23,Plaice,5663,451,6114,449,6562,6986,-423,550,126,124,0,2,6500,6500,5663,0,0.81,FALSE,FALSE,449,6,7.872888634,14.30002863,Positive,445.5,0.67,-0.14,,FALSE,14.26,14.26,,
2017,23,Plaice,6387,477,6864,124,6988,5846,1142,-248,894,892,0,2,7330,7330,6387,0,0.67,TRUE,TRUE,0,0,-4.2422169,-4.2422169,Negative,-166.16,0.69,0.02,,TRUE,-14.83,-14.83,,
2001,5,Redfish,57000,0,57000,3324,60325,58417,1908,1041,2949,2943,5,10,35000,57000,35000,39,0.55,FALSE,TRUE,1417,2,1.782015509,4.207679271,Positive,572.55,0.55,0,3,TRUE,2.49,66.91,,
2002,5,Redfish,65273,5,65278,2943,68222,65456,2766,1257,4022,3967,5,60,30000,65000,30126,54,0.55,FALSE,TRUE,178,0,1.920373992,2.192312393,Positive,691.35,0.54,-0.01,3,FALSE,0.27,117.24,,
2003,5,Redfish,60000,6,60006,3967,63973,64416,-443,3958,3515,3484,3,34,35000,60000,35000,42,0.54,FALSE,FALSE,3967,6,6.144436165,12.30284401,Positive,2137.32,0.5,-0.04,4,TRUE,7.35,84.01,,
2004,5,Redfish,57000,3,57003,3484,60486,50021,10466,-1780,8685,8238,6,453,35000,57000,35000,39,0.5,TRUE,TRUE,0,0,-3.558505428,-3.558505428,Negative,-890,0.47,-0.03,1,TRUE,-12.25,42.9,,
2005,5,Redfish,57002,4,57006,8238,65244,61032,4212,397,4609,4503,11,117,35000,57000,35001,39,0.47,FALSE,TRUE,4026,7,0.650478438,7.247017958,Positive,186.59,0.54,0.07,3,TRUE,7.06,74.35,,
2006,5,Redfish,57000,3,57003,4503,61506,56845,4662,1373,6035,5975,1,61,35000,57000,35000,39,0.54,TRUE,TRUE,0,0,2.41533996,2.41533996,Positive,741.42,0.69,0.15,3,FALSE,-0.28,62.4,,
2007,5,Redfish,57000,3,57003,5975,62978,59219,3759,2665,6424,6388,2,38,35000,57000,35000,39,0.69,FALSE,TRUE,2216,4,4.500244854,8.242287104,Positive,1838.85,0.6,-0.09,3,FALSE,3.89,69.18,,
2008,5,Redfish,57000,6,57006,6388,63393,52956,10438,-771,9667,9270,2,400,35000,57000,35000,39,0.6,TRUE,TRUE,0,0,-1.455925674,-1.455925674,Negative,-462.6,0.42,-0.18,1,TRUE,-7.1,51.28,,
2009,5,Redfish,50000,4,50004,9270,59274,65175,-5901,6027,126,117,6,15,30000,50000,30000,40,0.42,FALSE,FALSE,9270,14,9.247410817,23.47065593,Positive,2531.34,0.61,0.19,4,TRUE,30.34,117.22,,
2010,5,Redfish,50000,5,50005,117,50122,53675,-3554,4305,751,704,2,49,30000,50000,30000,40,0.61,FALSE,FALSE,117,0,8.020493712,8.238472287,Positive,2626.05,0.74,0.13,4,FALSE,7.34,78.89,,
2011,5,Redfish,37500,7,37507,359,37865,38925,-1059,2533,1474,1458,2,18,30000,37500,30000,20,0.74,FALSE,FALSE,359,1,6.507385999,7.429672447,Positive,1874.42,0.71,-0.03,,FALSE,3.78,29.72,,
2012,5,Redfish,39781,223,40004,1458,41463,44098,-2635,2655,20,15,4,9,40000,40000,39781,0,0.71,FALSE,FALSE,1458,3,6.02068121,9.326953603,Positive,1885.05,0.82,0.11,,FALSE,10.23,10.23,,
2013,5,Redfish,44200,982,45182,15,45196,46068,-872,1731,859,858,2,3,45000,45000,44200,0,0.82,FALSE,FALSE,15,0,3.757488929,3.790049492,Positive,1419.42,0.89,0.07,,FALSE,1.96,1.96,,
2014,5,Redfish,50448,1560,52008,858,52866,51852,1014,467,1481,1468,1,14,52000,52000,50448,0,0.89,TRUE,TRUE,0,0,0.900640284,0.900640284,Positive,415.63,0.85,-0.04,,FALSE,-0.3,-0.3,,
2015,5,Redfish,43183,2986,46169,1468,47637,47761,-124,2564,2441,2388,1,54,48000,45600,45456,-5,0.85,FALSE,FALSE,1468,3,5.368396809,8.442034296,Positive,2179.4,0.79,-0.06,,FALSE,3.45,-1.41,,
2016,5,Redfish,45930,3123,49053,2388,51441,54219,-2778,3407,629,622,0,7,51000,48500,48298,-5,0.79,FALSE,FALSE,2388,4,6.28377506,10.68813516,Positive,2691.53,0.69,-0.1,,FALSE,10.53,5.44,,
2017,5,Redfish,44703,2525,47228,622,47850,47927,-78,3561,3483,3322,0,161,52800,47205,50001,-12,0.69,FALSE,FALSE,622,1,7.430049868,8.727856949,Positive,2457.09,0.6,-0.09,,FALSE,1.48,-8.76,,
2001,3,Saithe,24065,300,24365,644,25017,24764,253,128,381,370,6,17,25000,30000,20054,17,0.5,FALSE,TRUE,399,2,0.516879341,2.128089162,Positive,64,0.45,-0.05,3,TRUE,1.64,21.67,,
2002,3,Saithe,30404,703,31107,370,31476,30067,1409,1710,3119,3058,14,75,25000,37000,20543,32,0.45,TRUE,TRUE,0,0,5.687298367,5.687298367,Positive,769.5,0.48,0.03,3,FALSE,-3.34,41.52,,
2003,3,Saithe,36794,1091,37885,3057,40941,39267,1674,2015,3689,2302,14,1400,35000,45000,28618,22,0.48,FALSE,TRUE,1382,4,5.131535386,8.651030127,Positive,967.2,0.43,-0.05,3,FALSE,3.65,32.17,,
2004,3,Saithe,40577,1446,42023,2302,44325,46430,-2105,5069,2964,2073,8,899,50000,50000,40577,0,0.43,FALSE,FALSE,2302,5,10.91751023,15.87551152,Positive,2179.67,0.36,-0.07,4,FALSE,10.49,10.49,,
2005,3,Saithe,56940,1916,58856,2073,60929,59315,1613,2914,4527,2469,27,2085,70000,70000,56940,0,0.36,FALSE,TRUE,459,1,4.912753941,5.686588553,Positive,1049.04,0.37,0.01,3,FALSE,0.78,0.78,,
2006,3,Saithe,65243,1963,67206,2469,69675,65408,4267,1790,6057,4950,17,1125,80000,80000,65243,0,0.37,TRUE,TRUE,0,0,2.736668297,2.736668297,Positive,662.3,0.42,0.05,3,FALSE,-2.68,-2.68,,
2007,3,Saithe,65282,856,66138,4950,71088,55817,15271,-3821,11450,9635,1,1816,80000,80000,65282,0,0.42,TRUE,TRUE,0,0,-6.845584679,-6.845584679,Negative,-1604.82,0.43,0.01,1,FALSE,-15.61,-15.61,,
2008,3,Saithe,61060,1692,62752,9635,72387,56021,16366,-3114,13252,10101,6,3157,60000,80000,45795,25,0.43,TRUE,TRUE,0,0,-5.5586298,-5.5586298,Negative,-1339.02,0.38,-0.05,1,TRUE,-10.73,17.97,,
2009,3,Saithe,52891,1778,54669,10101,64770,51567,13203,-6341,6862,6424,0,439,50000,65000,40685,23,0.38,TRUE,TRUE,0,0,-12.29662381,-12.29662381,Negative,-2409.58,0.49,0.11,1,TRUE,-5.67,21.44,,
2010,3,Saithe,40737,1971,42708,6424,49132,47104,2028,871,2898,1786,3,1116,35000,50000,28516,30,0.49,FALSE,TRUE,4396,9,1.849099864,11.18164063,Positive,426.79,0.64,0.15,3,TRUE,10.29,54.51,,
2011,3,Saithe,39811,1413,41224,1786,43010,42163,847,1612,2459,2157,32,334,40000,50000,31849,20,0.64,FALSE,TRUE,939,2,3.823257358,6.050328487,Positive,1031.68,0.63,-0.01,3,TRUE,2.28,26.76,,
2012,3,Saithe,40538,1092,41630,2157,43787,40679,3108,-1399,1709,1257,12,465,45000,52000,35081,13,0.63,TRUE,TRUE,0,0,-3.439120922,-3.439120922,Negative,-881.37,0.73,0.1,1,FALSE,-2.28,12.46,,
2013,3,Saithe,40315,1712,42027,1257,43284,42013,1271,476,1748,608,2,1142,49000,50000,39509,2,0.73,TRUE,TRUE,0,0,1.132982648,1.132982648,Positive,347.48,0.82,0.09,3,TRUE,-0.03,1.92,,
2014,3,Saithe,43936,2833,46769,608,47377,44945,2432,947,3380,2389,8,999,57000,57000,43936,0,0.82,TRUE,TRUE,0,0,2.107019691,2.107019691,Positive,776.54,0.81,-0.01,,FALSE,-3.9,-3.9,,
2015,3,Saithe,46138,1953,48091,2389,50479,43043,7436,-1691,5745,4812,5,937,58000,58000,46138,0,0.81,TRUE,TRUE,0,0,-3.92862951,-3.92862951,Negative,-1369.71,0.77,-0.04,,FALSE,-10.5,-10.5,,
2016,3,Saithe,43751,2051,45802,4812,50614,40637,9977,-4587,5390,3658,0,1733,55000,48900,49209,-12,0.77,TRUE,TRUE,0,0,-11.2877427,-11.2877427,Negative,-3531.99,0.79,0.02,,TRUE,-11.28,-20.72,,
2017,3,Saithe,43751,1430,45181,3658,48839,37221,11618,-2847,8771,7016,0,1754,55000,55000,43751,0,0.79,TRUE,TRUE,0,0,-7.648907875,-7.648907875,Negative,-2249.13,0.72,-0.07,,TRUE,-17.62,-17.62,,
2002,8,Tusk,4050,1,4051,0,4051,3135,916,-561,355,267,2,91,,,,,0.5,TRUE,TRUE,0,0,-17.89473684,-17.89473684,Negative,-280.5,0.54,0.04,1,TRUE,-22.61,,,
2003,8,Tusk,3150,1,3151,267,3418,3361,57,152,208,169,1,40,3500,3500,3150,0,0.54,FALSE,TRUE,210,6,4.522463553,10.77060399,Positive,82.08,0.5,-0.04,3,TRUE,6.66,6.66,,
2004,8,Tusk,3150,1,3151,169,3320,3033,287,201,488,446,1,43,3500,3500,3150,0,0.5,TRUE,TRUE,0,0,6.627101879,6.627101879,Positive,100.5,0.39,-0.11,3,TRUE,-3.74,-3.74,,
2005,8,Tusk,3150,1,3151,446,3597,3165,432,-122,310,260,1,51,3500,3500,3150,0,0.39,FALSE,TRUE,14,0,-3.854660348,-3.412322275,Negative,-47.58,0.35,-0.04,1,FALSE,0.44,0.44,,
2006,8,Tusk,3150,1,3151,260,3410,4198,-787,915,128,103,5,30,3500,3500,3150,0,0.35,FALSE,FALSE,260,6,21.79609338,27.98951882,Positive,320.25,0.37,0.02,4,FALSE,33.23,33.23,,
2007,8,Tusk,4500,1,4501,103,4604,5675,-1071,1480,409,401,3,11,5000,5000,4500,0,0.37,FALSE,FALSE,103,2,26.07929515,27.89427313,Positive,547.6,0.38,0.01,4,FALSE,26.08,26.08,,
2008,8,Tusk,4950,1,4951,401,5352,5487,-135,666,531,484,0,47,5000,5500,4500,9,0.38,FALSE,FALSE,401,7,12.13778021,19.44596319,Positive,253.08,0.33,-0.05,4,FALSE,10.83,21.91,,
2009,8,Tusk,4950,1,4951,484,5435,6353,-918,1105,187,185,2,4,5000,5500,4500,9,0.33,FALSE,FALSE,484,8,17.39335747,25.01180545,Positive,364.65,0.37,0.04,4,FALSE,28.32,41.15,,
2010,8,Tusk,4950,3,4953,185,5138,6269,-1131,1199,68,51,2,19,5000,5500,4500,9,0.37,FALSE,FALSE,185,3,19.12585739,22.07688627,Positive,443.63,0.34,-0.03,4,FALSE,26.57,39.22,,
2011,8,Tusk,5400,1,5401,51,5452,5545,-93,237,144,131,1,14,6000,6000,5400,0,0.34,FALSE,FALSE,51,1,4.27412083,5.19386835,Positive,80.58,0.37,0.03,4,FALSE,2.67,2.67,,
2012,8,Tusk,6216,85,6301,131,6432,5347,1085,-913,171,149,2,25,6900,7000,6127,1,0.37,TRUE,TRUE,0,0,-17.07499532,-17.07499532,Negative,-337.81,0.39,0.02,1,TRUE,-15.14,-13.93,,
2013,8,Tusk,5677,84,5761,149,5910,4971,939,-840,99,69,0,31,6700,6400,5943,-5,0.39,TRUE,TRUE,0,0,-16.89800845,-16.89800845,Negative,-327.6,0.52,0.13,1,TRUE,-13.71,-17.52,,
2014,8,Tusk,5192,119,5311,69,5380,4325,1055,-625,429,421,2,11,6300,5900,5544,-7,0.52,TRUE,TRUE,0,0,-14.45086705,-14.45086705,Negative,-325,0.51,-0.01,,TRUE,-18.57,-23.63,,
2015,8,Tusk,3154,178,3332,421,3752,3654,98,202,300,255,1,45,4000,3700,3410,-8,0.51,FALSE,TRUE,322,9,5.528188287,14.34044882,Positive,103.02,0.47,-0.04,,TRUE,9.66,1.85,,
2016,8,Tusk,2557,168,2725,255,2980,2802,179,55,234,210,0,24,3440,3000,2932,-15,0.47,FALSE,TRUE,77,3,1.962883655,4.710920771,Positive,25.85,0.42,-0.05,,TRUE,2.83,-10,,
2017,8,Tusk,2881,81,2962,210,3172,1443,1729,-625,1104,794,0,310,3780,3380,3222,-12,0.42,TRUE,TRUE,0,0,-43.31254331,-43.31254331,Negative,-262.5,0.38,-0.04,,TRUE,-51.28,-56.31,,
2001,25,Witch,1012,0,1012,37,1049,1074,-25,39,14,11,2,5,1100,1100,1012,0,0.7,FALSE,FALSE,37,3,3.631284916,7.076350093,Positive,27.3,0.65,-0.05,4,FALSE,6.13,6.13,,
2002,25,Witch,1242,1,1243,11,1253,1124,129,-71,57,47,2,12,1350,1350,1242,0,0.65,TRUE,TRUE,0,0,-6.316725979,-6.316725979,Negative,-46.15,0.7,0.05,1,TRUE,-9.57,-9.57,,
2003,25,Witch,1380,1,1381,47,1428,1407,21,45,66,64,6,8,1500,1500,1380,0,0.7,FALSE,TRUE,26,2,3.198294243,5.046197584,Positive,31.5,0.61,-0.09,3,FALSE,1.88,1.88,,
2004,25,Witch,1564,0,1564,64,1628,1840,-212,266,54,41,2,15,1500,1500,1564,0,0.61,FALSE,FALSE,64,3,14.45652174,17.93478261,Positive,162.26,0.7,0.09,4,FALSE,17.65,17.65,,
2005,25,Witch,1840,0,1840,41,1881,2064,-183,220,37,36,1,1,2000,2000,1840,0,0.7,FALSE,FALSE,41,2,10.65891473,12.64534884,Positive,154,0.63,-0.07,4,FALSE,12.17,12.17,,
2006,25,Witch,2208,1,2209,36,2245,2015,229,-132,98,89,0,9,2200,2400,2024,8,0.63,TRUE,TRUE,0,0,-6.550868486,-6.550868486,Negative,-83.16,0.59,-0.04,1,TRUE,-8.78,-0.49,,
2007,25,Witch,2208,1,2209,89,2298,2028,270,-15,255,237,0,18,2000,2400,1840,17,0.59,TRUE,TRUE,0,0,-0.73964497,-0.73964497,Negative,-8.85,0.52,-0.07,1,TRUE,-8.19,10.16,,
2008,25,Witch,2208,1,2209,237,2446,1417,1029,-298,731,389,1,344,2000,2400,1840,17,0.52,TRUE,TRUE,0,0,-21.0303458,-21.0303458,Negative,-154.96,0.5,-0.02,1,TRUE,-35.85,-23.03,,
2009,25,Witch,2024,0,2024,389,2413,1571,843,-559,283,277,0,7,1600,2200,1472,27,0.5,TRUE,TRUE,0,0,-35.58243157,-35.58243157,Negative,-279.5,0.61,0.11,1,TRUE,-22.38,6.73,,
2010,25,Witch,2024,0,2024,277,2301,1181,1120,-982,138,111,0,27,1600,2200,1472,27,0.61,TRUE,TRUE,0,0,-83.14987299,-83.14987299,Negative,-599.02,0.6,-0.01,1,TRUE,-41.65,-19.77,,
2011,25,Witch,1196,60,1256,111,1367,1125,242,-136,106,101,0,5,1300,1300,1196,0,0.6,TRUE,TRUE,0,0,-12.08888889,-12.08888889,Negative,-81.6,0.54,-0.06,1,TRUE,-10.43,-10.43,,
2012,25,Witch,1182,56,1238,101,1339,1336,3,27,31,26,0,4,1100,1300,1000,15,0.54,FALSE,TRUE,98,7,2.020958084,9.356287425,Positive,14.58,0.61,0.07,3,TRUE,7.92,26.5,,
2013,25,Witch,984,71,1055,26,1080,1088,-7,16,9,7,1,3,1100,1100,984,0,0.61,FALSE,FALSE,26,2,1.470588235,3.860294118,Positive,9.76,0.68,0.07,4,TRUE,3.13,3.13,,
2014,25,Witch,965,178,1143,7,1149,1075,75,-20,55,50,0,5,1100,1100,965,0,0.68,TRUE,TRUE,0,0,-1.860465116,-1.860465116,Negative,-13.6,0.65,-0.03,,TRUE,-5.95,-5.95,,
2015,25,Witch,959,55,1014,50,1064,1124,-59,145,85,52,0,34,1100,1100,959,0,0.65,FALSE,FALSE,50,4,12.90035587,17.34875445,Positive,94.25,0.58,-0.07,,FALSE,10.85,10.85,,
2016,25,Witch,959,54,1013,52,1064,1056,8,77,85,54,0,31,1100,1100,959,0,0.58,FALSE,TRUE,43,4,7.291666667,11.36363636,Positive,44.66,0.48,-0.1,,FALSE,4.24,4.24,,
2017,25,Witch,967,54,1021,54,1075,1001,74,57,131,105,0,26,1100,1100,967,0,0.48,TRUE,TRUE,0,0,5.694305694,5.694305694,Positive,27.36,0.53,0.05,,FALSE,-1.96,-1.96,,
2001,9,Wolffish,8878,139,9017,469,9487,7583,1904,-1718,186,133,10,62,13000,13000,8878,0,0.65,TRUE,TRUE,0,0,-22.65594092,-22.65594092,Negative,-1116.7,0.65,0,1,TRUE,-15.9,-15.9,,
2002,9,Wolffish,12852,1649,14501,133,14635,12382,2253,-649,1603,1589,5,20,13000,16100,10377,19,0.65,TRUE,TRUE,0,0,-5.241479567,-5.241479567,Negative,-421.85,0.69,0.04,1,TRUE,-14.61,2.96,,
2003,9,Wolffish,13151,1285,14436,1588,16024,15347,677,1065,1742,1362,3,384,15000,15000,13151,0,0.69,FALSE,TRUE,911,6,6.939466997,12.87548055,Positive,734.85,0.68,-0.01,3,FALSE,6.31,6.31,,
2004,9,Wolffish,13099,1303,14402,1362,15764,11680,4084,-418,3666,1783,4,1887,15000,16000,12280,6,0.68,TRUE,TRUE,0,0,-3.578767123,-3.578767123,Negative,-284.24,0.62,-0.06,1,TRUE,-18.9,-14.01,,
2005,9,Wolffish,10390,801,11191,1783,12975,12402,573,1154,1726,913,7,821,13000,16000,8442,19,0.62,FALSE,TRUE,1211,10,9.304950814,19.06950492,Positive,715.48,0.68,0.06,3,TRUE,10.82,34.18,,
2006,9,Wolffish,10565,555,11120,913,12033,14255,-2222,2888,666,649,6,24,13000,13000,10565,0,0.68,FALSE,FALSE,913,6,20.25955805,26.66432831,Positive,1963.84,0.71,0.03,4,FALSE,28.19,28.19,,
2007,9,Wolffish,10561,146,10707,649,11356,13718,-2362,3369,1007,1004,7,10,12000,13000,9749,8,0.71,FALSE,FALSE,649,5,24.55897361,29.28998396,Positive,2391.99,0.68,-0.03,4,FALSE,28.12,38.64,,
2008,9,Wolffish,10099,294,10393,1004,11397,13091,-1694,2917,1223,1182,7,48,11000,12500,8887,12,0.68,FALSE,FALSE,1004,8,22.28248415,29.95187533,Positive,1983.56,0.6,-0.08,4,FALSE,25.96,42.59,,
2009,9,Wolffish,10704,339,11043,1182,12225,13207,-983,2085,1102,1115,18,6,12000,13000,9881,8,0.6,FALSE,FALSE,1182,9,15.78708261,24.73688196,Positive,1251,0.71,0.11,4,FALSE,19.6,29.23,,
2010,9,Wolffish,9845,460,10305,1115,11420,11165,255,141,397,393,6,10,10000,12000,8204,17,0.71,FALSE,TRUE,860,8,1.262875056,8.965517241,Positive,100.11,0.87,0.16,3,TRUE,8.35,28.86,,
2011,9,Wolffish,9687,356,10043,393,10435,9878,557,277,834,722,1,112,8500,12000,6862,29,0.87,TRUE,TRUE,0,0,2.804211379,2.804211379,Positive,240.99,0.83,-0.04,3,FALSE,-1.64,36.86,,
2012,9,Wolffish,8437,45,8482,722,9204,8741,463,-157,306,295,2,13,7500,10500,6026,29,0.83,FALSE,TRUE,259,3,-1.796133166,1.166914541,Negative,-130.31,0.85,0.02,1,TRUE,3.05,43.97,,
2013,9,Wolffish,7192,-117,7075,295,7370,7362,8,192,199,188,1,12,7500,8500,6346,12,0.85,FALSE,TRUE,287,4,2.60798696,6.506384135,Positive,163.2,0.95,0.1,3,TRUE,4.06,18.19,,
2014,9,Wolffish,6308,-383,5925,188,6114,6219,-105,472,367,349,1,19,7500,7500,6308,0,0.95,FALSE,FALSE,188,3,7.589644637,10.61263869,Positive,448.4,0.95,0,,FALSE,4.96,4.96,,
2015,9,Wolffish,6393,286,6679,349,7028,6530,498,99,597,567,1,31,7500,7500,6393,0,0.95,TRUE,TRUE,0,0,1.516079632,1.516079632,Positive,94.05,0.79,-0.16,,FALSE,-2.23,-2.23,,
2016,9,Wolffish,6989,-263,6726,567,7293,7424,-131,542,411,377,1,36,8200,8200,6989,0,0.79,FALSE,FALSE,567,8,7.300646552,14.93803879,Positive,428.18,0.64,-0.15,,TRUE,10.38,10,,
2017,9,Wolffish,7510,-193,7317,377,7693,6270,1423,-28,1395,1369,0,27,8811,8811,7510,0,0.64,TRUE,TRUE,0,0,-0.446570973,-0.446570973,Negative,-17.92,0.59,-0.05,,TRUE,-14.31,-14.31,,