timabil,species,M0,M1,M2,TAC,M0_predict,M0_resid,M1_predict,M1_resid,M2_predict,M2_resid,period,Sp
20002001,61,0.430739803,0.646338271,0.197453391,NA,NA,NA,NA,NA,NA,NA,2001,Deep_redfish
20012002,61,0.174644455,0.367021366,0.122285651,NA,NA,NA,NA,NA,NA,NA,2002,Deep_redfish
20022003,61,0.538343631,0.627309426,0.407560157,NA,NA,NA,NA,NA,NA,NA,2003,Deep_redfish
20032004,61,0.270845184,0.403525189,0.205725377,NA,NA,NA,NA,NA,NA,NA,2004,Deep_redfish
20042005,61,0.257040477,0.40327293,0.161057141,NA,NA,NA,NA,NA,NA,NA,2005,Deep_redfish
20052006,61,0.268267721,0.408815209,0.225376426,NA,NA,NA,NA,NA,NA,NA,2006,Deep_redfish
20062007,61,0.453829979,0.527254865,0.380624979,NA,NA,NA,NA,NA,NA,NA,2007,Deep_redfish
20072008,61,0.358164147,0.447816486,0.311147021,NA,NA,NA,NA,NA,NA,NA,2008,Deep_redfish
20082009,61,0.188960482,0.371853295,0.134463338,NA,NA,NA,NA,NA,NA,NA,2009,Deep_redfish
20092010,61,0.204970522,0.331464684,0.141984307,NA,NA,NA,NA,NA,NA,NA,2010,Deep_redfish
20102011,61,0.072461247,0.179970375,0.039400452,12565.196,0.28070081,-0.208239562,0.40763455,-0.227664175,0.185147656,-0.145747204,2011,Deep_redfish
20112012,61,0.028562663,0.126367621,0.014641275,12074.142,0.279263342,-0.250700679,0.406025806,-0.279658186,0.184022726,-0.169381451,2012,Deep_redfish
20122013,61,0.041607392,0.124351536,0.02616584,10004.902,0.273206034,-0.231598642,0.399246761,-0.274895225,0.17928241,-0.15311657,2013,Deep_redfish
20132014,61,0.085537014,0.224268314,0.02202194,10001.796,0.273196941,-0.187659927,0.399236586,-0.174968272,0.179275295,-0.157253355,2014,Deep_redfish
20142015,61,0.121002145,0.200935455,0.055109186,10041.682,0.2733137,-0.152311555,0.399367256,-0.198431801,0.179366668,-0.124257482,2015,Deep_redfish
20152016,61,0.106550871,0.273367845,0.083962698,10005.048,0.273206461,-0.16665559,0.39924724,-0.125879394,0.179282745,-0.095320047,2016,Deep_redfish
20162017,61,0.148169316,0.338014576,0.023656454,12926.29,0.281757844,-0.133588528,0.408817532,-0.070802955,0.185974868,-0.162318414,2017,Deep_redfish
20102011,60,0.076505368,0.264791397,0.054230968,NA,NA,NA,NA,NA,NA,NA,2011,small_redfish
20112012,60,0.014001022,0.135407996,NA,NA,NA,NA,NA,NA,NA,NA,2012,small_redfish
20122013,60,0,0.071316533,0,NA,NA,NA,NA,NA,NA,NA,2013,small_redfish
20002001,28,0.572403564,0.702265796,0.416825489,4600,0.257384206,0.315019358,0.381539741,0.320726055,0.166900598,0.249924891,2001,LRdab
20012002,28,0.595645255,0.725956914,0.428025983,4602,0.257390061,0.338255195,0.381546293,0.344410621,0.16690518,0.261120803,2002,LRdab
20022003,28,0.603198843,0.746545771,0.446182562,4603,0.257392988,0.345805855,0.381549569,0.364996202,0.166907471,0.279275091,2003,LRdab
20032004,28,0.468583656,0.621068321,0.183894086,4602,0.257390061,0.211193595,0.381546293,0.239522028,0.16690518,0.016988906,2004,LRdab
20042005,28,0.205401385,0.354099342,0.041708463,4600,0.257384206,-0.051982821,0.381539741,-0.027440399,0.166900598,-0.125192135,2005,LRdab
20052006,28,0.247301063,0.430102461,0.112345684,3220,0.253344517,-0.006043455,0.377018717,0.053083743,0.163739227,-0.051393543,2006,LRdab
20062007,28,0.001007851,0.030694916,0,1381,0.247961193,-0.246953342,0.370993962,-0.340299046,0.159526356,-0.159526356,2007,LRdab
20072008,28,0.007240252,0.023090891,0.00222523,921,0.24661463,-0.239374378,0.369486954,-0.346396063,0.158472566,-0.156247336,2008,LRdab
20082009,28,0.004205849,0.104608866,0.001997864,920,0.246611703,-0.242405854,0.369483678,-0.264874812,0.158470275,-0.156472411,2009,LRdab
20092010,28,0.033467051,0.429605649,0.022474019,922,0.246617557,-0.213150506,0.369490231,0.060115418,0.158474857,-0.136000838,2010,LRdab
20102011,28,0.023322511,0.275321806,0.010502132,184,0.244457202,-0.22113469,0.367072466,-0.09175066,0.156784211,-0.146282079,2011,LRdab
20112012,28,NA,0.01022718,NA,184,NA,NA,0.367072466,-0.356845286,NA,NA,2012,LRdab
20122013,28,NA,0.052074453,NA,178,NA,NA,0.367052809,-0.314978356,NA,NA,2013,LRdab
20132014,28,NA,0.002893382,NA,176,NA,NA,0.367046257,-0.364152875,NA,NA,2014,LRdab
20142015,28,NA,0.024538392,NA,NA,NA,NA,NA,NA,NA,NA,2015,LRdab
20152016,28,0,0,0,NA,NA,NA,NA,NA,NA,NA,2016,LRdab
20002001,27,0.52825277,0.664077656,0.329677072,5060,0.258730769,0.269522001,0.383046748,0.281030908,0.167954388,0.161722683,2001,Cdab
20012002,27,0.721288739,0.800748523,0.550643167,3681,0.254694007,0.466594732,0.378529001,0.422219522,0.164795308,0.385847859,2002,Cdab
20022003,27,0.598582503,0.731198462,0.415673424,6441,0.262773385,0.335809118,0.387571048,0.343627414,0.17111805,0.244555373,2003,Cdab
20032004,27,0.538957554,0.679723672,0.409143136,6441,0.262773385,0.276184169,0.387571048,0.292152624,0.17111805,0.238025085,2004,Cdab
20042005,27,0.429521492,0.604187816,0.317277795,4601,0.257387133,0.172134359,0.381543017,0.222644799,0.166902889,0.150374906,2005,Cdab
20052006,27,0.348466479,0.480717333,0.195295834,3681,0.254694007,0.093772472,0.378529001,0.102188332,0.164795308,0.030500525,2006,Cdab
20062007,27,0.171705413,0.305298132,0.089306466,1841,0.249307756,-0.077602342,0.37250097,-0.067202838,0.160580147,-0.071273681,2007,Cdab
20072008,27,0.084235259,0.196223738,0.039109881,1382,0.24796412,-0.163728861,0.370997238,-0.174773501,0.159528647,-0.120418766,2008,Cdab
20082009,27,0.142958559,0.301350312,0.049638388,921,0.24661463,-0.103656071,0.369486954,-0.068136642,0.158472566,-0.108834178,2009,Cdab
20092010,27,0.25580101,0.386542018,0.125240883,921,0.24661463,0.009186381,0.369486954,0.017055063,0.158472566,-0.033231683,2010,Cdab
20102011,27,0.202398471,0.333884084,0.12825364,830,0.246348245,-0.043949774,0.369188829,-0.035304745,0.158264099,-0.030010458,2011,Cdab
20112012,27,0.191698769,0.341128338,0.082126959,829,0.246345317,-0.054646549,0.369185553,-0.028057215,0.158261808,-0.076134849,2012,Cdab
20122013,27,0.196568485,0.376273474,0.097632607,737,0.246076005,-0.049507519,0.368884151,0.007389323,0.15805105,-0.060418443,2013,Cdab
20132014,27,0.195417719,0.364521202,0.071823558,461,0.245268067,-0.049850348,0.367979947,-0.003458745,0.157418776,-0.085595217,2014,Cdab
20142015,27,0.187743604,0.308924699,0.152153606,920,0.246611703,-0.058868098,0.369483678,-0.060558979,0.158470275,-0.006316669,2015,Cdab
20152016,27,0.132496831,0.353322627,0.026712289,460,0.24526514,-0.112768309,0.367976671,-0.014654044,0.157416485,-0.130704196,2016,Cdab
20162017,27,0.049665597,0.252387908,0.026670574,460,0.24526514,-0.195599543,0.367976671,-0.115588763,0.157416485,-0.13074591,2017,Cdab
20002001,25,0.297477589,0.398122709,0.195521813,1012,0.246881015,0.050596574,0.36978508,0.028337629,0.158681033,0.03684078,2001,Witch
20012002,25,0.26157635,0.371461444,0.195272616,1243,0.247557224,0.014019126,0.37054186,9.20E-04,0.159210219,0.036062397,2002,Witch
20022003,25,0.323723864,0.421262833,0.194971018,1381,0.247961193,0.075762672,0.370993962,0.05026887,0.159526356,0.035444661,2003,Witch
20032004,25,0.330890506,0.44275235,0.231971982,1564,0.248496891,0.082393615,0.371593489,0.071158861,0.159945582,0.0720264,2004,Witch
20042005,25,0.350138713,0.524930243,0.223567424,1840,0.249304828,0.100833884,0.372497694,0.152432549,0.160577856,0.062989568,2005,Witch
20052006,25,0.444815323,0.587795184,0.252687021,2209,0.250385006,0.194430317,0.373706576,0.214088608,0.161423179,0.091263841,2006,Witch
20062007,25,0.389455124,0.592552708,0.181074587,2209,0.250385006,0.139070118,0.373706576,0.218846131,0.161423179,0.019651408,2007,Witch
20072008,25,0.351790482,0.513083543,0.126655045,2209,0.250385006,0.101405476,0.373706576,0.139376967,0.161423179,-0.034768134,2008,Witch
20082009,25,0.254968344,0.376907077,0.06254997,2024,0.249843454,0.00512489,0.373100497,0.00380658,0.160999372,-0.098449402,2009,Witch
20092010,25,0.186477121,0.286821329,0.06286572,2024,0.249843454,-0.063366333,0.373100497,-0.086279169,0.160999372,-0.098133652,2010,Witch
20102011,25,0.110502175,0.15563448,0.01842494,1256,0.247595279,-0.137093104,0.370584449,-0.214949969,0.15924,-0.140815061,2011,Witch
20112012,25,0.158627563,0.258227008,0.087898919,1238,0.247542587,-0.088915025,0.370525479,-0.112298472,0.159198765,-0.071299846,2012,Witch
20122013,25,0.18453451,0.2722277,0.11687521,1055,0.247006889,-0.06247238,0.369925952,-0.097698253,0.15877954,-0.041904329,2013,Witch
20132014,25,0.212101994,0.309835962,0.11129969,1143,0.247264493,-0.035162499,0.37021425,-0.060378288,0.158981134,-0.047681444,2014,Witch
20142015,25,0.22184528,0.29984046,0.117080949,1014,0.24688687,-0.02504159,0.369791632,-0.069951173,0.158685615,-0.041604666,2015,Witch
20152016,25,0.278683555,0.397639472,0.202318363,1013,0.246883942,0.031799612,0.369788356,0.027851116,0.158683324,0.043635039,2016,Witch
20162017,25,0.325091694,0.415859091,0.203050546,1021,0.246907361,0.078184333,0.369814565,0.046044526,0.158701651,0.044348895,2017,Witch
20002001,24,0.172011872,0.27941267,0.11123601,1288,0.247688953,-0.075677081,0.370689285,-0.091276614,0.159313307,-0.048077298,2001,Lsole
20012002,24,0.210007988,0.283342246,0.150135344,1288,0.247688953,-0.037680965,0.370689285,-0.087347038,0.159313307,-0.009177963,2002,Lsole
20022003,24,0.079699646,0.173351415,0.003268023,1472,0.248227578,-0.168527932,0.371292088,-0.197940673,0.159734824,-0.156466801,2003,Lsole
20032004,24,0.171698612,0.326906504,0.046494536,1472,0.248227578,-0.076528966,0.371292088,-0.044385584,0.159734824,-0.113240288,2004,Lsole
20042005,24,0.128152288,0.271006069,0.042782421,1672,0.24881304,-0.120660752,0.371947308,-0.10094124,0.160192993,-0.117410573,2005,Lsole
20052006,24,0.126070172,0.227301793,0.027517853,1657,0.248769131,-0.122698959,0.371898167,-0.144596374,0.160158631,-0.132640778,2006,Lsole
20062007,24,0.079356318,0.151762537,0.026808108,1840,0.249304828,-0.169948511,0.372497694,-0.220735157,0.160577856,-0.133769748,2007,Lsole
20072008,24,0.061809329,0.14850902,0.013424359,2025,0.249846381,-0.188037052,0.373103773,-0.224594753,0.161001663,-0.147577304,2008,Lsole
20082009,24,0.123325911,0.186846211,0.071281509,2025,0.249846381,-0.12652047,0.373103773,-0.186257563,0.161001663,-0.089720154,2009,Lsole
20092010,24,0.102629119,0.178525693,0.043811997,2025,0.249846381,-0.147217262,0.373103773,-0.19457808,0.161001663,-0.117189666,2010,Lsole
20102011,24,0.117971472,0.196829942,0.016708966,1658,0.248772058,-0.130800586,0.371901443,-0.175071501,0.160160921,-0.143451956,2011,Lsole
20112012,24,0.227876969,0.335553415,0.10943676,1657,0.248769131,-0.020892162,0.371898167,-0.036344752,0.160158631,-0.05072187,2012,Lsole
20122013,24,0.163585006,0.279674155,0.108408787,1290,0.247694807,-0.084109801,0.370695837,-0.091021682,0.159317889,-0.050909102,2013,Lsole
20132014,24,0.278070763,0.355817366,0.202654806,1473,0.248230505,0.029840258,0.371295364,-0.015477998,0.159737114,0.042917692,2014,Lsole
20142015,24,0.32915806,0.407971483,0.254938102,1474,0.248233433,0.080924628,0.37129864,0.036672843,0.159739405,0.095198696,2015,Lsole
20152016,24,0.234802708,0.317681791,0.159428039,1198,0.247425495,-0.012622787,0.370394435,-0.052712644,0.159107131,3.21E-04,2016,Lsole
20162017,24,0.181245642,0.250416215,0.090613308,1002,0.246851742,-0.0656061,0.369752319,-0.119336104,0.158658125,-0.068044817,2017,Lsole
20002001,23,0.270407124,0.38912961,0.153771885,3680,0.25469108,0.015716043,0.378525725,0.010603885,0.164793017,-0.011021132,2001,Plaice
20012002,23,0.190791065,0.333827528,0.108781873,4636,0.257489589,-0.066698525,0.38165768,-0.047830153,0.166983069,-0.058201196,2002,Plaice
20022003,23,0.21717307,0.365681169,0.110905313,4651,0.257533499,-0.040360428,0.381706822,-0.016025653,0.167017431,-0.056112119,2003,Plaice
20032004,23,0.244863708,0.394049324,0.138508647,4214,0.256254264,-0.011390556,0.380275165,0.013774159,0.166016331,-0.027507683,2004,Plaice
20042005,23,0.238999259,0.385925291,0.147755219,4668,0.257583263,-0.018584004,0.381762516,0.004162775,0.167056376,-0.019301156,2005,Plaice
20052006,23,0.187016972,0.34404243,0.084202152,4670,0.257589118,-0.070572146,0.381769068,-0.037726638,0.167060958,-0.082858806,2006,Plaice
20062007,23,0.214430307,0.380037406,0.104604906,5617,0.260361281,-0.045930974,0.384871538,-0.004834132,0.169230391,-0.064625486,2007,Plaice
20072008,23,0.258357841,0.393362944,0.147127898,6067,0.261678571,-0.00332073,0.386345785,0.007017159,0.170261273,-0.023133375,2008,Plaice
20082009,23,0.194762175,0.355356938,0.095180679,6089,0.261742972,-0.066980797,0.386417859,-0.031060921,0.170311672,-0.075130992,2009,Plaice
20092010,23,0.222779334,0.379901376,0.10372637,6108,0.261798591,-0.039019257,0.386480105,-0.006578729,0.170355198,-0.066628828,2010,Plaice
20102011,23,0.211514647,0.363938699,0.100011453,6116,0.261822009,-0.050307362,0.386506314,-0.022567615,0.170373525,-0.070362072,2011,Plaice
20112012,23,0.260089913,0.424455945,0.121079124,6151,0.261924465,-0.001834552,0.386620978,0.037834967,0.170453704,-0.04937458,2012,Plaice
20122013,23,0.263072758,0.470308407,0.129285644,6116,0.261822009,0.001250749,0.386506314,0.083802093,0.170373525,-0.041087881,2013,Plaice
20132014,23,0.287186643,0.452073708,0.146652799,6106,0.261792736,0.025393907,0.386473553,0.065600155,0.170350616,-0.023697817,2014,Plaice
20142015,23,0.332635053,0.479233844,0.211542576,6553,0.263101244,0.069533809,0.387937972,0.091295873,0.171374625,0.040167951,2015,Plaice
20152016,23,0.301927172,0.439274243,0.178261972,6114,0.261816154,0.040111018,0.386499762,0.052774481,0.170368943,0.007893029,2016,Plaice
20162017,23,0.243054204,0.393732481,0.142718549,6864,0.264011637,-0.020957433,0.38895684,0.004775641,0.172087079,-0.02936853,2017,Plaice
20002001,22,0.49103384,0.597180175,0.384228699,18400,0.297781094,0.193252746,0.426749974,0.170430201,0.198514309,0.18571439,2001,Halibut
20012002,22,0.589193123,0.711158006,0.523274989,18400,0.297781094,0.291412029,0.426749974,0.284408031,0.198514309,0.324760679,2002,Halibut
20022003,22,0.593717998,0.696531801,0.552486362,21161,0.305863399,0.2878546,0.435795297,0.260736503,0.204839342,0.34764702,2003,Halibut
20032004,22,0.604215981,0.741627607,0.562803554,21160,0.305860472,0.298355509,0.435792021,0.305835585,0.204837051,0.357966503,2004,Halibut
20042005,22,0.672262426,0.765781264,0.605575599,13801,0.284318392,0.387944034,0.411683173,0.354098092,0.187978696,0.417596902,2005,Halibut
20052006,22,0.58472884,0.727625599,0.479609007,13804,0.284327174,0.300401666,0.411693001,0.315932598,0.187985569,0.291623438,2006,Halibut
20062007,22,0.63585299,0.726092763,0.494577819,13810,0.284344738,0.351508253,0.411712658,0.314380105,0.187999314,0.306578505,2007,Halibut
20072008,22,0.550060764,0.704007587,0.309253739,13815,0.284359374,0.265701389,0.411729038,0.292278549,0.188010768,0.12124297,2008,Halibut
20082009,22,0.534259682,0.654086078,0.325085591,13817,0.284365229,0.249894453,0.41173559,0.242350487,0.18801535,0.137070241,2009,Halibut
20092010,22,0.478300434,0.654156995,0.297696407,11051,0.276268287,0.202032147,0.402673887,0.251483108,0.181678863,0.116017544,2010,Halibut
20102011,22,0.346271372,0.582641187,0.271278245,11983,0.278996541,0.06727483,0.405727216,0.176913971,0.183813933,0.087464312,2011,Halibut
20112012,22,0.433306414,0.5954285,0.333640995,12032,0.279139979,0.154166435,0.405887745,0.189540756,0.183926185,0.14971481,2012,Halibut
20122013,22,0.383025959,0.581990097,0.308195327,13567,0.283633401,0.099392558,0.410916564,0.171073533,0.187442638,0.120752689,2013,Halibut
20132014,22,0.450230727,0.615224478,0.337442201,11551,0.277731943,0.172498784,0.404311939,0.21091254,0.182824287,0.154617914,2014,Halibut
20142015,22,0.534932819,0.596625387,0.330633703,13034,0.282073145,0.252859675,0.409170401,0.187454986,0.186221615,0.144412087,2015,Halibut
20152016,22,0.497114981,0.611064339,0.258576015,11529,0.277667542,0.219447438,0.404239865,0.206824475,0.182773888,0.075802127,2016,Halibut
20002001,19,0.345347979,0.419926487,0.229553975,NA,NA,NA,NA,NA,NA,NA,2001,argentine
20012002,19,0.339185351,0.577646799,0.16754639,NA,NA,NA,NA,NA,NA,NA,2002,argentine
20022003,19,0.053581907,0.099774683,NA,NA,NA,NA,NA,NA,NA,NA,2003,argentine
20032004,19,0.054249742,0.10731032,NA,NA,NA,NA,NA,NA,NA,NA,2004,argentine
20042005,19,0.115143665,0.269296883,8.62E-05,NA,NA,NA,NA,NA,NA,NA,2005,argentine
20052006,19,0.171434456,0.237981095,0.069040984,NA,NA,NA,NA,NA,NA,NA,2006,argentine
20062007,19,0.12741349,0.317358724,0,NA,NA,NA,NA,NA,NA,NA,2007,argentine
20072008,19,0.086316308,0.194836652,NA,NA,NA,NA,NA,NA,NA,NA,2008,argentine
20082009,19,0.038857468,0.077152769,NA,NA,NA,NA,NA,NA,NA,NA,2009,argentine
20092010,19,0.083695586,0.383417815,0.012463544,NA,NA,NA,NA,NA,NA,NA,2010,argentine
20102011,19,0.124351562,0.333593449,0.045837749,NA,NA,NA,NA,NA,NA,NA,2011,argentine
20112012,19,0.295042253,0.369084857,0.024312344,NA,NA,NA,NA,NA,NA,NA,2012,argentine
20122013,19,0.237617845,0.459244663,0.041237009,NA,NA,NA,NA,NA,NA,NA,2013,argentine
20132014,19,0.018152739,0.366264572,NA,8000.002,0.267337068,-0.24918433,0.3926785,-0.026413929,NA,NA,2014,argentine
20142015,19,0.294869837,0.405561714,0.073004718,8000.012,0.267337098,0.027532739,0.392678533,0.01288318,0.174689511,-0.101684793,2015,argentine
20152016,19,0.131671327,0.217531232,0.042731153,8000.005,0.267337077,-0.13566575,0.39267851,-0.175147278,0.174689495,-0.131958342,2016,argentine
20162017,19,0,0.192068043,NA,7885,0.267000422,-0.267000422,0.392301742,-0.200233699,NA,NA,2017,argentine
20002001,14,0.451308638,0.484295826,0.425848828,NA,NA,NA,NA,NA,NA,NA,2001,Angler
20012002,14,0.176040212,0.234752253,0.14254942,1353,0.247879228,-0.071839016,0.370902231,-0.136149978,0.159462213,-0.016912792,2002,Angler
20022003,14,0.317490302,0.33468074,0.301290604,1356,0.24788801,0.069602292,0.37091206,-0.03623132,0.159469085,0.141821519,2003,Angler
20032004,14,0.416817067,0.443895983,0.384345282,1815,0.249231646,0.167585422,0.372415791,0.071480192,0.160520585,0.223824698,2004,Angler
20042005,14,0.472581321,0.496904263,0.458060445,1809,0.249214082,0.223367239,0.372396135,0.124508128,0.16050684,0.297553606,2005,Angler
20052006,14,0.505837451,0.53356508,0.47125208,2722,0.251886716,0.253950735,0.375387218,0.158177862,0.162598384,0.308653696,2006,Angler
20062007,14,0.481203928,0.51158053,0.44807051,2732,0.25191599,0.229287938,0.375419979,0.136160551,0.162621293,0.285449218,2007,Angler
20072008,14,0.52341991,0.543756878,0.485819692,2289,0.250619191,0.27280072,0.373968665,0.169788213,0.161606447,0.324213245,2008,Angler
20082009,14,0.56590487,0.591674675,0.527323648,2757,0.251989172,0.313915697,0.375501881,0.216172794,0.162678564,0.364645084,2009,Angler
20092010,14,0.508562424,0.544282893,0.468509118,2596,0.251517875,0.257044549,0.374974428,0.169308465,0.162309737,0.306199381,2010,Angler
20102011,14,0.538064222,0.581401672,0.498487312,2374,0.250868012,0.28719621,0.374247133,0.207154539,0.161801169,0.336686143,2011,Angler
20112012,14,0.606602772,0.633956381,0.573902909,2976,0.252630253,0.353972519,0.376219348,0.257737033,0.16318026,0.410722649,2012,Angler
20122013,14,0.562713161,0.577343154,0.534413085,1651,0.248751567,0.313961594,0.37187851,0.205464644,0.160144886,0.374268199,2013,Angler
20132014,14,0.560554575,0.570852,0.540658291,1402,0.248022666,0.312531909,0.37106276,0.19978924,0.159574464,0.381083827,2014,Angler
20142015,14,0.536973156,0.551237992,0.529790757,911,0.246585357,0.290387799,0.369454193,0.181783798,0.158449658,0.3713411,2015,Angler
20152016,14,0.529751367,0.537654245,0.498821251,908,0.246576575,0.283174792,0.369444365,0.16820988,0.158442785,0.340378466,2016,Angler
20162017,14,0.386979491,0.396834918,0.362917833,646,0.245809619,0.141169872,0.368586026,0.028248892,0.157842583,0.20507525,2017,Angler
20002001,9,0.503341287,0.634984241,0.391316336,9017,0.270314137,0.23302715,0.396010292,0.238973949,0.177019276,0.214297059,2001,Wolffish
20012002,9,0.488401187,0.599136208,0.364293125,14501,0.28636751,0.202033678,0.413976445,0.185159763,0.18958229,0.174710835,2002,Wolffish
20022003,9,0.57385473,0.681098386,0.451707872,14436,0.286177234,0.287677495,0.413763499,0.267334888,0.189433385,0.262274487,2003,Wolffish
20032004,9,0.413076228,0.540048104,0.297170925,14402,0.286077706,0.126998523,0.413652111,0.126395993,0.189355496,0.107815429,2004,Wolffish
20042005,9,0.482646108,0.601292655,0.362066938,11191,0.276678111,0.205967997,0.403132541,0.198160113,0.181999581,0.180067357,2005,Wolffish
20052006,9,0.434589226,0.561568172,0.338860194,11120,0.276470272,0.158118954,0.402899938,0.158668234,0.181836931,0.157023262,2006,Wolffish
20062007,9,0.389620799,0.514718346,0.297004677,10707,0.275261293,0.114359507,0.401546907,0.113171439,0.180890811,0.116113866,2007,Wolffish
20072008,9,0.462091459,0.580641078,0.322223791,10393,0.274342117,0.187749342,0.400518211,0.180122868,0.180171484,0.142052307,2008,Wolffish
20082009,9,0.490749745,0.603502204,0.35229268,11043,0.276244869,0.214504876,0.402647678,0.200854526,0.181660536,0.170632144,2009,Wolffish
20092010,9,0.469435817,0.572315352,0.3784433,10305,0.274084514,0.195351303,0.400229913,0.172085438,0.17996989,0.19847341,2010,Wolffish
20102011,9,0.546914328,0.650935102,0.414904334,10043,0.273317558,0.27359677,0.399371574,0.251563528,0.179369687,0.235534646,2011,Wolffish
20112012,9,0.559202829,0.651980279,0.42927949,8482,0.268748026,0.290454803,0.394257576,0.257722703,0.175793672,0.253485817,2012,Wolffish
20122013,9,0.491072961,0.606706427,0.372648208,7075,0.2646293,0.226443661,0.389648098,0.217058329,0.172570448,0.200077759,2013,Wolffish
20132014,9,0.41864798,0.496836472,0.303949001,5925,0.261262893,0.157385087,0.385880578,0.110955894,0.169935973,0.134013029,2014,Wolffish
20142015,9,0.420012059,0.537705831,0.312309242,6679,0.263470085,0.156541974,0.388350761,0.149355071,0.171663272,0.14064597,2015,Wolffish
20152016,9,0.428473223,0.512370689,0.346562131,6726,0.263607669,0.164865555,0.388504738,0.123865952,0.171770942,0.174791189,2016,Wolffish
20162017,9,0.436961771,0.540376036,0.377517515,7317,0.265337709,0.171624062,0.390440915,0.149935121,0.173124834,0.204392681,2017,Wolffish
20002001,8,0.053082428,0.209072243,0.011308893,NA,NA,NA,NA,NA,NA,NA,2001,Tusk
20012002,8,0.190988645,0.373398402,0.033291654,4051,0.255777112,-0.064788467,0.37974116,-0.006342758,0.165642922,-0.132351268,2002,Tusk
20022003,8,0.092879423,0.243078525,0.020145323,3151,0.253142533,-0.16026311,0.376792666,-0.133714141,0.163581158,-0.143435835,2003,Tusk
20032004,8,0.010566126,0.024708847,0.005268039,3151,0.253142533,-0.242576407,0.376792666,-0.352083819,0.163581158,-0.158313119,2004,Tusk
20042005,8,0.010858757,0.093975656,0.001174211,3151,0.253142533,-0.242283775,0.376792666,-0.28281701,0.163581158,-0.162406947,2005,Tusk
20052006,8,0.052430524,0.142856415,0.030676269,3151,0.253142533,-0.200712009,0.376792666,-0.233936251,0.163581158,-0.132904889,2006,Tusk
20062007,8,0.187746034,0.283347931,0.123551789,4501,0.257094402,-0.069348368,0.381215406,-0.097867475,0.166673804,-0.043122015,2007,Tusk
20072008,8,0.22927781,0.356851342,0.113710979,4951,0.258411692,-0.029133882,0.382689653,-0.025838311,0.167704686,-0.053993707,2008,Tusk
20082009,8,0.138421344,0.352201876,0.051318413,4951,0.258411692,-0.119990348,0.382689653,-0.030487777,0.167704686,-0.116386273,2009,Tusk
20092010,8,0.138013504,0.291121517,0.044927846,4953,0.258417547,-0.120404043,0.382696205,-0.091574688,0.167709268,-0.122781422,2010,Tusk
20102011,8,0.093114284,0.251941268,0.006332067,5401,0.259728982,-0.166614698,0.3841639,-0.132222632,0.168735568,-0.162403501,2011,Tusk
20112012,8,0.124410324,0.231400491,0.042247313,6301,0.262363562,-0.137953237,0.387112393,-0.155711902,0.170797332,-0.128550018,2012,Tusk
20122013,8,0.057697021,0.167661156,0.008011814,5761,0.260782814,-0.203085793,0.385343297,-0.217682141,0.169560273,-0.161548459,2013,Tusk
20132014,8,0.081964879,0.148459525,0.035178182,5311,0.259465524,-0.177500645,0.383869051,-0.235409525,0.168529391,-0.133351209,2014,Tusk
20142015,8,0.134332609,0.226168801,0.093582792,3332,0.253672376,-0.119339767,0.377385641,-0.15121684,0.163995802,-0.07041301,2015,Tusk
20152016,8,0.016552666,0.110962109,0.001070388,2725,0.251895498,-0.235342832,0.375397046,-0.264434937,0.162605257,-0.161534869,2016,Tusk
20162017,8,0.024738549,0.134027117,2.07E-05,2962,0.252589271,-0.227850722,0.376173483,-0.242146365,0.163148188,-0.163127506,2017,Tusk
20002001,7,9.31E-05,0.009632099,0,NA,NA,NA,NA,NA,NA,NA,2001,BlueLing
20012002,7,0.032041469,0.060536585,1.79E-04,NA,NA,NA,NA,NA,NA,NA,2002,BlueLing
20022003,7,0.002214486,0.004257434,0.002214486,NA,NA,NA,NA,NA,NA,NA,2003,BlueLing
20032004,7,0.002601967,0.004106095,0.002601967,NA,NA,NA,NA,NA,NA,NA,2004,BlueLing
20042005,7,NA,0.013299072,NA,NA,NA,NA,NA,NA,NA,NA,2005,BlueLing
20052006,7,0.00491194,0.012710815,NA,NA,NA,NA,NA,NA,NA,NA,2006,BlueLing
20062007,7,0.002166192,0.027532656,NA,NA,NA,NA,NA,NA,NA,NA,2007,BlueLing
20072008,7,0.169690405,0.274985747,0.049561323,NA,NA,NA,NA,NA,NA,NA,2008,BlueLing
20082009,7,0.190135226,0.267786501,0.049412152,NA,NA,NA,NA,NA,NA,NA,2009,BlueLing
20092010,7,0.452694531,0.516000985,0.281162376,NA,NA,NA,NA,NA,NA,NA,2010,BlueLing
20102011,7,0.522519186,0.615599881,0.396205161,NA,NA,NA,NA,NA,NA,NA,2011,BlueLing
20112012,7,0.410865205,0.538002118,0.267698612,NA,NA,NA,NA,NA,NA,NA,2012,BlueLing
20122013,7,0.315424523,0.441018507,0.241139688,NA,NA,NA,NA,NA,NA,NA,2013,BlueLing
20132014,7,0.201014486,0.255286163,0.077102123,1920.042,0.249539136,-0.04852465,0.37275992,-0.117473757,0.16076122,-0.083659097,2014,BlueLing
20142015,7,0.201869588,0.280094901,0.123970093,2482.794,0.251186486,-0.049316898,0.374603554,-0.094508652,0.1620504,-0.038080307,2015,BlueLing
20152016,7,0,0.104373356,0,2070.572,0.249979784,-0.249979784,0.373253072,-0.268879716,0.161106061,-0.161106061,2016,BlueLing
20162017,7,0,0.058912661,NA,1632.158,0.24869641,-0.24869641,0.371816782,-0.312904121,NA,NA,2017,BlueLing
20002001,6,0.09762483,0.124837318,0.070549152,NA,NA,NA,NA,NA,NA,NA,2001,Ling
20012002,6,0.060908525,0.079989105,0.051787223,2405,0.250958759,-0.190050234,0.374348693,-0.294359588,0.161872185,-0.110084963,2002,Ling
20022003,6,0.020860777,0.05332308,0.015776293,2407,0.250964614,-0.230103837,0.374355245,-0.321032165,0.161876767,-0.146100474,2003,Ling
20032004,6,0.032812989,0.055806382,0.014148924,2406,0.250961686,-0.218148697,0.374351969,-0.318545586,0.161874476,-0.147725552,2004,Ling
20042005,6,0.04196912,0.099779769,0.027753256,3205,0.253300608,-0.211331487,0.376969576,-0.277189807,0.163704864,-0.135951609,2005,Ling
20052006,6,0.064686886,0.189751756,0.035569517,4008,0.255651238,-0.190964352,0.379600287,-0.189848531,0.165544416,-0.129974899,2006,Ling
20062007,6,0.087267428,0.215960307,0.041745215,4009,0.255654165,-0.168386738,0.379603563,-0.163643256,0.165546707,-0.123801492,2007,Ling
20072008,6,0.090347657,0.178497823,0.034780765,5617,0.260361281,-0.170013624,0.384871538,-0.206373716,0.169230391,-0.134449626,2008,Ling
20082009,6,0.127802249,0.288387508,0.045582273,5624,0.260381772,-0.132579523,0.384894471,-0.096506963,0.169246427,-0.123664154,2009,Ling
20092010,6,0.129357844,0.288582501,0.040072013,5613,0.260349572,-0.130991727,0.384858434,-0.096275933,0.169221228,-0.129149214,2010,Ling
20102011,6,0.088826413,0.214691853,0.03086993,6017,0.261532205,-0.172705792,0.38618198,-0.171490126,0.170146731,-0.139276801,2011,Ling
20112012,6,0.085844003,0.256812805,0.027087302,7221,0.265056687,-0.179212685,0.390126409,-0.133313604,0.172904912,-0.14581761,2012,Ling
20122013,6,0.1371163,0.327483845,0.032142564,9223,0.270917163,-0.133800864,0.396685169,-0.069201324,0.177491191,-0.145348627,2013,Ling
20132014,6,0.173566544,0.373535593,0.069387671,10821,0.275595006,-0.102028462,0.401920383,-0.02838479,0.181151967,-0.111764297,2014,Ling
20142015,6,0.166220969,0.395846392,0.055994452,11067,0.276315124,-0.110094155,0.402726305,-0.006879912,0.181715516,-0.125721064,2015,Ling
20152016,6,0.115368773,0.259185162,0.033538072,12018,0.279098997,-0.163730224,0.405841879,-0.146656718,0.183894113,-0.150356041,2016,Ling
20162017,6,0.092548556,0.227269329,0.030343682,6353,0.262515782,-0.169967226,0.387282751,-0.160013422,0.170916456,-0.140572774,2017,Ling
20002001,5,0.510354571,0.667419999,0.334214185,5.70E+04,0.410775288,0.099579283,0.553207585,0.114212414,0.286941066,0.047273119,2001,Redfish
20012002,5,0.576720183,0.725951472,0.349355743,65278,0.435007566,0.141712617,0.580327173,0.145624299,0.305904711,0.043451032,2002,Redfish
20022003,5,0.484437684,0.673767301,0.29200659,60006,0.419574784,0.0648629,0.563055553,0.110711748,0.293827357,-0.001820767,2003,Redfish
20032004,5,0.289357282,0.527484093,0.141683463,57003,0.41078407,-0.121426788,0.553217413,-0.02573332,0.286947938,-0.145264476,2004,Redfish
20042005,5,0.414737345,0.54309262,0.288976526,57006,0.410792852,0.003944493,0.553227241,-0.010134622,0.286954811,0.002021715,2005,Redfish
20052006,5,0.332820994,0.52019564,0.207366206,57003,0.41078407,-0.077963076,0.553217413,-0.033021773,0.286947938,-0.079581733,2006,Redfish
20062007,5,0.325296933,0.532089854,0.207305565,57003,0.41078407,-0.085487137,0.553217413,-0.021127559,0.286947938,-0.079642373,2007,Redfish
20072008,5,0.366494823,0.529651598,0.25067591,57006,0.410792852,-0.044298029,0.553227241,-0.023575644,0.286954811,-0.036278901,2008,Redfish
20082009,5,0.386799683,0.563892671,0.243678886,50004,0.390295822,-0.003496139,0.530287962,0.03360471,0.270914289,-0.027235403,2009,Redfish
20092010,5,0.280593742,0.478183003,0.151056862,50005,0.39029875,-0.109705008,0.530291238,-0.052108235,0.27091658,-0.119859718,2010,Redfish
20102011,5,0.257422721,0.450550732,0.120334246,37507,0.35371322,-0.0962905,0.489346492,-0.038795759,0.242285554,-0.121951308,2011,Redfish
20112012,5,0.309331701,0.53113826,0.144206401,40004,0.361022715,-0.051691014,0.497526923,0.033611337,0.248005803,-0.103799402,2012,Redfish
20122013,5,0.270400191,0.515615452,0.137009774,45182,0.37618033,-0.105780139,0.514490589,0.001124863,0.259867817,-0.122858043,2013,Redfish
20132014,5,0.375217877,0.558425122,0.203921023,52008,0.396162153,-0.020944276,0.536853274,0.021571848,0.27550515,-0.071584127,2014,Redfish
20142015,5,0.253297549,0.532783012,0.138363058,46169,0.379069586,-0.125772036,0.517724103,0.015058909,0.262128885,-0.123765827,2015,Redfish
20152016,5,0.265374475,0.531833777,0.10625336,49053,0.38751195,-0.122137475,0.527172387,0.004661389,0.268735692,-0.162482332,2016,Redfish
20162017,5,0.239484014,0.518274879,0.130628311,47228,0.382169608,-0.142685594,0.521193498,-0.002918619,0.264554893,-0.133926582,2017,Redfish
20002001,3,0.211963259,0.355195825,0.129274307,24365,0.315242503,-0.103279243,0.446291934,-0.091096109,0.212179221,-0.082904914,2001,Saithe
20012002,3,0.196599756,0.382948364,0.097649441,31107,0.334978431,-0.138378675,0.468379427,-0.085431063,0.227624123,-0.129974681,2002,Saithe
20022003,3,0.262985658,0.502232499,0.126809804,37885,0.354819744,-0.091834085,0.490584859,0.01164764,0.243151495,-0.116341691,2003,Saithe
20032004,3,0.331222996,0.545487435,0.149387262,42023,0.366932955,-0.035709959,0.504141377,0.041346058,0.252631026,-0.103243764,2004,Saithe
20042005,3,0.408630365,0.620038285,0.260425951,58856,0.416208377,-0.007578012,0.559288034,0.060750251,0.291192881,-0.03076693,2005,Saithe
20052006,3,0.418677573,0.657106815,0.225011829,67206,0.440651421,-0.021973849,0.586643501,0.070463314,0.310321467,-0.085309638,2006,Saithe
20062007,3,0.325928575,0.541575377,0.172466752,66138,0.437525054,-0.111596479,0.583144622,-0.041569245,0.307874841,-0.135408088,2007,Saithe
20072008,3,0.402418337,0.667137123,0.198076714,62752,0.427613179,-0.025194843,0.572051734,0.095085389,0.300118027,-0.102041313,2008,Saithe
20082009,3,0.407735374,0.619224655,0.2373131,54669,0.403951727,0.003783648,0.545570987,0.073653669,0.281601098,-0.044287998,2009,Saithe
20092010,3,0.353854377,0.621033719,0.195627279,42708,0.368938163,-0.015083786,0.506385508,0.114648211,0.254200257,-0.058572979,2010,Saithe
20102011,3,0.361839083,0.568540402,0.14403127,41224,0.364594034,-0.002754951,0.50152377,0.067016632,0.250800638,-0.106769368,2011,Saithe
20112012,3,0.355196513,0.557374077,0.157062281,41630,0.365782522,-0.010586009,0.502853868,0.054520209,0.251730723,-0.094668442,2012,Saithe
20122013,3,0.281841558,0.484591864,0.151820315,42027,0.366944665,-0.085103106,0.504154481,-0.019562617,0.25264019,-0.100819874,2013,Saithe
20132014,3,0.355906417,0.558192882,0.19100876,46769,0.380825972,-0.024919555,0.519689766,0.038503116,0.263503394,-0.072494634,2014,Saithe
20142015,3,0.293770548,0.557380411,0.126055097,48091,0.384695877,-0.090925329,0.524020775,0.033359636,0.266531896,-0.140476798,2015,Saithe
20152016,3,0.207309189,0.437561291,0.080376242,45802,0.377995263,-0.170686073,0.516521773,-0.078960482,0.261288143,-0.180911902,2016,Saithe
20162017,3,0.25090042,0.471438522,0.079679334,45181,0.376177403,-0.125276983,0.514487313,-0.043048791,0.259865526,-0.180186192,2017,Saithe
20002001,2,0.2831643,0.452002709,0.150870123,22732,0.310462204,-0.027297904,0.440942057,0.011060652,0.208438265,-0.057568143,2001,Haddock
20012002,2,0.230969052,0.394413021,0.127165651,34456,0.344781995,-0.113812943,0.479351099,-0.084938078,0.235296175,-0.108130524,2002,Haddock
20022003,2,0.248710523,0.433924749,0.138301417,46325,0.379526246,-0.130815723,0.518235176,-0.084310427,0.262486257,-0.12418484,2003,Haddock
20032004,2,0.340097447,0.538346091,0.185118163,63023,0.428406481,-0.088309034,0.572939559,-0.034593468,0.300738847,-0.115620684,2004,Haddock
20042005,2,0.3828242,0.608694375,0.218193714,74988,0.463431753,-0.080607553,0.612138142,-0.003443767,0.328148851,-0.109955137,2005,Haddock
20052006,2,0.391137502,0.624996391,0.218353929,86980,0.498536064,-0.107398562,0.651425179,-0.026428788,0.355620708,-0.137266779,2006,Haddock
20062007,2,0.413150898,0.643390369,0.207850272,85446,0.494045569,-0.080894671,0.646399636,-0.003009267,0.352106546,-0.144256274,2007,Haddock
20072008,2,0.480962253,0.713676272,0.290306595,82212,0.484578646,-0.003616393,0.635804716,0.077871556,0.344697941,-0.054391346,2008,Haddock
20082009,2,0.483228427,0.673561987,0.282966225,76759,0.468616021,0.014612406,0.617940122,0.055621866,0.332205944,-0.049239719,2009,Haddock
20092010,2,0.387493349,0.594661431,0.206045817,52916,0.398820151,-0.011326802,0.539827976,0.054833455,0.27758524,-0.071539423,2010,Haddock
20102011,2,0.32016167,0.5131164,0.169412396,40514,0.362515643,-0.042353973,0.499197736,0.013918664,0.249174136,-0.079761739,2011,Haddock
20112012,2,0.299536019,0.494463261,0.153596511,36030,0.349389582,-0.049853563,0.484507686,0.009955575,0.23890197,-0.08530546,2012,Haddock
20122013,2,0.221823627,0.394316574,0.093204878,29515,0.330318153,-0.108494526,0.463163869,-0.068847296,0.223977092,-0.130772214,2013,Haddock
20132014,2,0.194599502,0.357650202,0.08917881,29578,0.330502573,-0.135903072,0.463370264,-0.105720062,0.224121415,-0.134942605,2014,Haddock
20142015,2,0.155380163,0.316622593,0.062816215,25499,0.318562073,-0.16318191,0.450007036,-0.133384443,0.214777043,-0.151960829,2015,Haddock
20152016,2,0.143648172,0.294064081,0.061013355,27992,0.325859859,-0.182211686,0.458174363,-0.164110282,0.220488129,-0.159474774,2016,Haddock
20162017,2,0.174558403,0.33076177,0.083851164,28055,0.326044279,-0.151485876,0.458380758,-0.127618988,0.220632453,-0.136781288,2017,Haddock
20002001,1,0.828583866,0.912959103,0.681918915,159404,0.710543616,0.11804025,0.888693728,0.024265375,0.521533128,0.160385787,2001,Cod
20012002,1,0.826430412,0.92064181,0.687201756,158885,0.709024342,0.117406071,0.88699343,0.03364838,0.520344178,0.166857578,2002,Cod
20022003,1,0.765134431,0.884152426,0.602420821,150363,0.6840778,0.081056631,0.859074473,0.025077953,0.500821566,0.101599255,2003,Cod
20032004,1,0.766862062,0.878317083,0.597903558,175001,0.756200881,0.010661181,0.93979112,-0.061474037,0.557263494,0.040640064,2004,Cod
20042005,1,0.721726406,0.845595588,0.559384096,170427,0.742811362,-0.021084956,0.924806221,-0.079210633,0.546785153,0.012598943,2005,Cod
20052006,1,0.670143457,0.817329976,0.473899442,164501,0.725464119,-0.055320662,0.905392029,-0.088062053,0.533209584,-0.059310142,2006,Cod
20062007,1,0.658028274,0.814706694,0.475981735,157822,0.70591261,-0.047884336,0.883510932,-0.068804237,0.517909006,-0.041927271,2007,Cod
20072008,1,0.535410644,0.718973511,0.378553325,108021,0.560129609,-0.024718965,0.720357682,-0.00138417,0.403822454,-0.025269129,2008,Cod
20082009,1,0.618028845,0.766467768,0.45082629,132943,0.633084047,-0.015055201,0.802004743,-0.035536975,0.460914983,-0.010088693,2009,Cod
20092010,1,0.656581561,0.788352112,0.499514615,125723,0.611948863,0.044632698,0.778351273,0.010000839,0.444375056,0.055139559,2010,Cod
20102011,1,0.696449185,0.825229415,0.522703434,129509,0.623031662,0.073417523,0.790754602,0.034474813,0.453048209,0.069655225,2011,Cod
20112012,1,0.729155487,0.843020272,0.559902286,140274,0.654544162,0.074611325,0.82602186,0.016998411,0.477709194,0.082193092,2012,Cod
20122013,1,0.773095413,0.87390718,0.631720708,162539,0.719720735,0.053374678,0.898964314,-0.025057134,0.528714939,0.103005769,2013,Cod
20132014,1,0.808397833,0.900917054,0.666800434,176454,0.760454264,0.047943569,0.944551299,-0.043634246,0.560592097,0.106208337,2014,Cod
20142015,1,0.817284067,0.901505833,0.687423358,173504,0.751818697,0.06546537,0.934886793,-0.03338096,0.553834094,0.133589264,2015,Cod
20152016,1,0.810435,0.905724925,0.656740047,197276,0.821406728,-0.010971727,1.012766335,-0.10704141,0.608292147,0.0484479,2016,Cod
20162017,1,0.824629913,0.915372259,0.687049194,195174,0.815253521,0.009376393,1.005879964,-0.090507705,0.603476784,0.08357241,2017,Cod